Country,Power_Index,defense_spending,purchasing_power_parity,coastline_coverage,border_coverage,total_aircraft_strength,tank_strength,total_naval_assets,fighter_aircraft,attack_aircraft,transport_aircraft,total_military_manpower,trainer_aircraft,special_mission_aircraft,tanker_aircraft,total_military_helicopters,attack_helicopters,tanks,armored_fighting_vehicles,self_propelled_artillery,towed_artillery,rocket_projectors,total_naval_fleet,total_naval_fleet_tonnage_mt,aircraft_carriers,helicopter_carriers,submarines,destroyers,frigates,corvettes,coastal_patrol_craft,defense_budget_usd,external_debt_usd,foreign_exchange_gold_reserves,total_serviceable_airports,major_ports_and_terminals,total_merchant_marine_fleet,railway_coverage_km,roadway_coverage_km,oil_production_bbl,oil_consumption_bbl,proven_oil_reserves_bbl,natural_gas_production_cum,natural_gas_consumption_cum,proven_natural_gas_reserves_cum,coal_production_cum,coal_consumption_mt,proven_coal_reserves_cum,total_land_area_sq_km,waterway_coverage_km,Flag_URL,Power_Index_Rank_Gap,Power_Index_Rank,economic_assets_per_military_manpower,budget_to_gdp_ratio,Region,Alliance
United States,0.0741,8.32E+11,2.57E+13,19924,12002,13032,4666,465,1791,926,917,1333030,2610,611,610,5913,1024,4666,409660,1521,1878,1731,465,8265799,11,9,66,83,0,27,0,8.32E+11,2.45E+13,9.10E+11,16116,666,3533,293564,6586610,20953000,20307000,38212000000,1.03E+12,9.14E+11,1.34E+13,534234000,495156000,2.48E+11,9833517,41009,https://www.globalfirepower.com/imgs/flags/sml/united-states.jpg,0.005,1,19261381.96,0.032384328,North America,NATO
Russia,0.0791,2.13E+11,6.09E+12,37653,22407,4237,5630,747,861,698,458,1320000,530,137,18,1643,556,5630,126512,3603,5920,2486,747,1426539,1,0,66,13,12,79,70,2.13E+11,2.26E+11,5.97E+11,905,67,2910,85494,1283387,10879000,3863000,80000000000,6.18E+11,4.72E+11,4.78E+13,531130000,290763000,1.62E+11,17098242,102000,https://www.globalfirepower.com/imgs/flags/sml/russia.jpg,0.0128,2,4612878.788,0.034921707,Europe,CSTO
China,0.0919,3.03E+11,3.36E+13,14500,22457,3529,5870,841,1443,371,287,2035000,401,105,9,1007,281,5870,152040,2940,1400,2770,841,3192411,3,4,61,53,46,50,150,3.03E+11,4.88E+11,3.46E+12,552,66,8314,150000,5200000,4984000,16189000,26023000000,2.25E+11,3.66E+11,6.65E+12,4805000000,5191000000,1.57E+11,9596960,27700,https://www.globalfirepower.com/imgs/flags/sml/china.jpg,0.0427,3,16510073.71,0.009018394,Asia,None
India,0.1346,1.09E+11,1.42E+13,7000,13888,2183,3913,343,476,124,277,1431000,334,72,6,594,79,3913,163554,100,5640,300,343,631989,2,0,18,13,18,21,146,1.09E+11,2.13E+11,6.43E+11,315,56,1859,65554,6371847,822000,5271000,4605000000,33170000000,58867000000,1.38E+12,1020000000,1262000000,1.28E+11,3287263,14500,https://www.globalfirepower.com/imgs/flags/sml/india.jpg,0.0296,4,9953878.407,0.007652345,Asia,None
South Korea,0.1642,44800000000,2.61E+12,2413,237,1540,1831,215,242,98,40,450000,335,35,4,827,113,1831,117460,2780,5800,525,215,427946,0,2,22,14,18,3,96,44800000000,5.54E+11,4.18E+11,92,15,2149,3979,100428,38000,2542000,0,55127000,59480000000,7079000000,16081000,136817000,326000000,99720,1600,https://www.globalfirepower.com/imgs/flags/sml/south-korea.jpg,0.0156,5,5793333.333,0.017184503,Asia,None
France,0.1798,67232395000,3.73E+12,4853,4072,974,427,166,223,0,118,264000,140,44,15,452,67,427,110784,74,0,9,166,487471,1,3,9,11,5,0,22,67232395000,7.69E+12,2.83E+11,1218,66,553,27860,1053215,80000,1536000,61719000,20132000,37001000000,7787000000,2157000,12570000,160000000,643801,8501,https://www.globalfirepower.com/imgs/flags/sml/france.jpg,0.0078,6,14136363.64,0.018015111,Europe,NATO
Japan,0.1876,58000000000,5.72E+12,29751,0,1429,734,158,217,47,53,251500,399,135,10,583,118,734,54390,193,480,99,158,798062,0,4,23,41,8,0,6,58000000000,5.15E+12,1.23E+12,280,163,5229,27311,1218772,8000,3140000,44115000,2220000000,92843000000,20898000000,27657000,197612000,350000000,377915,1770,https://www.globalfirepower.com/imgs/flags/sml/japan.jpg,0.0005,7,22723658.05,0.010148731,Asia,None
United Kingdom,0.1881,88526529585,3.64E+12,12429,499,625,288,116,103,38,30,141330,201,29,9,262,50,288,94064,14,126,43,116,406308,2,0,10,6,7,0,26,88526529585,1.06E+13,1.75E+11,1057,185,868,16390,416461,753000,1406000,2500000000,37758000000,70141000000,1.81E+11,1568000,7372000,26000000,243610,3200,https://www.globalfirepower.com/imgs/flags/sml/united-kingdom.jpg,0.0094,8,25727021.86,0.02434723,Europe,NATO
Turkiye,0.1975,51400000000,3.02E+12,7200,2816,1101,2284,192,201,0,84,481000,301,27,7,509,111,2284,98193,1045,635,237,192,349739,0,1,14,0,17,9,40,51400000000,1.50E+11,1.55E+11,116,54,1170,11497,68526,83000,1107000,366000000,379701000,52887000000,3794000000,82534000,124183000,10975000000,783562,1200,https://www.globalfirepower.com/imgs/flags/sml/turkey.jpg,0.0236,9,6274428.274,0.017031146,,None
Italy,0.2211,37325165000,3.13E+12,7600,1836,714,203,285,88,65,31,165500,152,22,8,352,37,203,87364,64,108,21,285,387892,2,0,8,3,14,0,15,37325165000,3.03E+12,2.91E+11,655,123,1276,18475,228863,111000,1245000,497934000,3117000000,68735000000,45750000000,1572000,12424000,609999000,301340,2400,https://www.globalfirepower.com/imgs/flags/sml/italy.jpg,0.0163,10,18930513.6,0.011913554,Europe,NATO
Brazil,0.2374,26400000000,4.17E+12,7491,16145,495,294,69,44,30,107,376000,124,25,0,186,0,294,22464,149,412,82,69,166419,0,1,6,0,8,2,22,26400000000,1.99E+11,3.30E+11,5297,45,888,29850,2000000,4221000,3163000,12715000000,22670000000,31654000000,3.64E+11,15556000,32223000,6596000000,8515770,50000,https://www.globalfirepower.com/imgs/flags/sml/brazil.jpg,0.0089,11,11077127.66,0.006338535,South America,None
Germany,0.2463,1.27E+11,5.25E+12,2389,3694,569,296,96,127,63,55,184324,16,27,3,292,49,296,87338,134,0,33,96,241492,0,0,6,0,11,6,54,1.27E+11,6.86E+12,3.78E+11,840,35,595,39379,830000,131000,2062000,115200000,4824000000,77516000000,23390000000,109741000,140994000,35400000000,357022,7300,https://www.globalfirepower.com/imgs/flags/sml/germany.jpg,0.0119,12,28466179.12,0.024280558,Europe,NATO
Indonesia,0.2582,11155297716,4.10E+12,54716,2958,460,331,338,41,34,73,404500,114,15,1,212,15,331,28064,153,396,67,338,324754,0,0,4,0,10,26,211,11155297716,2.25E+11,1.56E+11,556,123,11422,8159,496607,865000,1645000,2480000000,57410000000,36061000000,1.41E+12,783453000,281159000,35055000000,1904569,21579,https://www.globalfirepower.com/imgs/flags/sml/indonesia.jpg,0.0044,13,10140914.71,0.002719478,Asia,None
Pakistan,0.2626,9102115350,1.39E+12,1046,7257,1397,2677,120,331,90,63,660000,563,27,4,379,55,2677,59044,662,2629,652,120,115187,0,0,8,0,9,6,79,9102115350,89148000000,18408000000,117,3,60,11881,264175,91000,645000,540000000,36937000000,46448000000,5.92E+11,13765000,30191000,2857000000,796095,0,https://www.globalfirepower.com/imgs/flags/sml/pakistan.jpg,0.0081,14,2106060.606,0.006548284,Asia,None
Israel,0.2707,34600000000,4.72E+11,273,1068,597,1300,82,239,45,14,169500,148,19,13,127,48,1300,62380,323,171,228,82,40638,0,0,6,0,0,7,66,34600000000,1.63E+11,2.15E+11,40,5,41,1497,20391,15000,219000,12730000,22886000000,11510000000,1.76E+11,0,5297000,0,21937,0,https://www.globalfirepower.com/imgs/flags/sml/israel.jpg,0.0492,15,2785705.015,0.073277606,Asia,None
Iran,0.3199,9230000000,1.49E+12,2440,5894,551,2675,109,188,21,86,610000,103,10,6,129,13,2675,75939,424,1803,1550,109,283516,0,0,25,0,7,3,21,9230000000,6759000000,1.21E+11,177,18,965,8484,223485,4112000,2415000,2.09E+11,2.63E+11,2.45E+11,3.40E+13,2209000,3032000,1203000000,1648195,850,https://www.globalfirepower.com/imgs/flags/sml/iran.jpg,0.0009,16,2436065.574,0.006211306,Asia,None
Australia,0.3208,57350000000,1.64E+12,25760,0,348,46,45,24,71,37,58910,107,31,6,72,22,46,17118,0,48,8,45,199898,0,2,6,3,7,0,13,57350000000,3.77E+12,60404000000,2257,66,604,32606,873573,386000,1151000,2446000000,1.54E+11,50188000000,3.23E+12,445077000,95667000,1.49E+11,7741220,2000,https://www.globalfirepower.com/imgs/flags/sml/australia.jpg,0.0039,17,27754201.32,0.035076453,Oceania,None
Spain,0.3247,39000676350,2.36E+12,4964,1953,440,298,175,136,12,51,121802,108,8,0,169,17,298,49324,96,188,0,175,249889,1,0,2,0,11,0,112,39000676350,2.83E+12,1.08E+11,365,52,503,15489,150110,47000,1325000,150000000,41009000,32833000000,2549000000,1280000,7388000,1187000000,505370,1000,https://www.globalfirepower.com/imgs/flags/sml/spain.jpg,0.0404,18,19383918.16,0.016518711,Europe,NATO
Egypt,0.3651,5193500000,1.96E+12,2450,2612,1088,3620,149,242,90,53,438500,344,11,0,348,100,3620,54694,1056,962,648,149,235989,0,2,8,0,13,7,61,5193500000,1.17E+11,44921000000,73,31,441,5085,65050,667000,830000,3300000000,64817000000,60089000000,1.78E+12,69000,3262000,182000000,1001450,3500,https://www.globalfirepower.com/imgs/flags/sml/egypt.jpg,0.004,19,4465222.349,0.002652451,Africa,None
Ukraine,0.3691,45000000000,5.78E+11,2782,5581,347,1121,169,88,30,22,900000,72,5,0,140,39,1121,45458,682,625,288,169,22266,0,0,0,0,0,0,133,45000000000,90003000000,43781000000,152,26,410,21733,169694,3000,192000,395000000,18725000000,22856000000,1.10E+12,19603000,25012000,34375000000,603550,1672,https://www.globalfirepower.com/imgs/flags/sml/ukraine.jpg,0.02,20,641758.8889,0.07791088,Europe,None
Poland,0.3891,55865141600,1.65E+12,440,2845,457,798,63,58,12,44,250000,112,11,0,224,29,798,57972,593,0,298,63,55530,0,0,1,0,2,2,3,55865141600,4.26E+11,2.23E+11,318,10,152,19461,427580,24000,743000,113000000,5551000000,20056000000,91492000000,96720000,99932000,27758000000,312685,3997,https://www.globalfirepower.com/imgs/flags/sml/poland.jpg,0.0036,21,6596000,0.033878194,Europe,NATO
Taiwan,0.3927,31180000000,1.74E+12,1566,0,720,1090,91,258,0,19,230000,215,18,0,239,91,1090,24067,488,1360,223,91,244050,0,0,4,4,21,7,36,31180000000,2.30E+11,5.42E+11,57,8,465,1613,43206,800,954000,2380000,63747000,21157000000,6230000000,5212000,64609000,1000000,35980,0,https://www.globalfirepower.com/imgs/flags/sml/taiwan.jpg,0.0139,22,7578260.87,0.017888698,Asia,None
Vietnam,0.4066,10200000000,1.46E+12,3444,4616,265,1999,116,61,0,6,450000,91,3,0,101,0,1999,69914,30,3250,774,116,102147,0,0,6,0,9,17,27,10200000000,34426000000,83082000000,36,16,1973,2600,195468,187000,544000,4400000000,7676000000,7676000000,6.99E+11,51519000,96099000,3116000000,331210,47130,https://www.globalfirepower.com/imgs/flags/sml/vietnam.jpg,0.0392,23,3235555.556,0.007005495,Asia,None
Thailand,0.4458,6006660000,1.56E+12,3219,5673,496,744,304,73,26,52,360850,134,25,0,258,7,744,52590,59,595,17,304,133523,0,1,0,0,7,5,254,6006660000,37065000000,2.37E+11,105,21,884,4127,180053,386000,1397000,252750000,30797000000,48898000000,1.38E+11,12812000,42371000,1063000000,513120,4000,https://www.globalfirepower.com/imgs/flags/sml/thailand.jpg,0.0015,24,4317583.483,0.003855366,Asia,None
Saudi Arabia,0.4473,63988055520,2.21E+12,2640,4272,917,1085,32,283,81,49,247000,202,16,22,264,34,1085,22370,380,557,327,32,49727,0,0,0,0,7,9,9,63988055520,2.48E+11,4.64E+11,90,16,433,5410,221372,11174000,3524000,2.59E+11,1.22E+11,1.22E+11,9.42E+12,0,66000,0,2149690,0,https://www.globalfirepower.com/imgs/flags/sml/saudi-arabia.jpg,0.0361,25,8959514.17,0.028914621,Asia,None
Sweden,0.4834,15900000000,6.69E+11,3218,2211,172,110,279,73,0,6,25600,36,3,1,53,0,110,27576,24,0,0,279,39816,0,0,4,0,0,7,116,15900000000,1.10E+12,62569000000,206,92,361,10910,197964,11000,270000,0,0,889924000,0,1042000,3170000,5000000,450295,2052,https://www.globalfirepower.com/imgs/flags/sml/sweden.jpg,0.0015,26,26118281.25,0.023780039,Europe,NATO
Algeria,0.4849,25000000000,7.23E+11,998,6734,620,1485,111,111,42,63,130000,90,10,4,300,74,1485,24920,224,483,188,111,83480,0,0,6,0,8,8,75,25000000000,4764000000,83007000000,95,17,119,4020,112696,1443000,446000,12200000000,1.01E+11,47963000000,4.50E+12,0,3000,233000000,2381740,0,https://www.globalfirepower.com/imgs/flags/sml/algeria.jpg,0.042,27,5560861.538,0.034582356,Africa,None
Canada,0.5269,45824959620,2.34E+12,202080,8893,354,74,67,66,0,29,63500,95,34,6,146,0,74,21780,0,0,0,67,119637,0,0,4,0,12,0,17,45824959620,2.57E+12,1.20E+11,1425,284,716,49422,1042300,5688000,2377000,1.70E+11,1.88E+11,1.30E+11,2.07E+12,50687000,20092000,6582000000,9984670,636,https://www.globalfirepower.com/imgs/flags/sml/canada.jpg,0.0003,28,36866141.73,0.019574951,North America,NATO
Singapore,0.5272,18000000000,8.00E+11,193,0,235,170,101,100,0,9,51000,36,9,11,75,20,170,17244,48,89,24,101,93244,0,0,6,0,6,6,55,18000000000,1.88E+12,3.84E+11,9,5,3202,0,3500,0,1514000,0,0,13724000000,0,0,1153000,0,719,0,https://www.globalfirepower.com/imgs/flags/sml/singapore.jpg,0.0212,29,15692235.29,0.022491453,Asia,None
Greece,0.5484,8242150000,1.92E+11,13676,1110,560,1344,186,178,0,17,142700,86,8,0,285,28,1344,56416,589,698,152,186,215808,0,0,9,0,14,0,45,8242150000,6.05E+11,15222000000,82,57,1215,2345,117000,5000,308000,10000000,3284000,5173000000,991090000,10469000,10091000,2876000000,131957,6,https://www.globalfirepower.com/imgs/flags/sml/greece.jpg,0.0449,30,1346916.608,0.042882079,Europe,NATO
North Korea,0.5933,4750000000,15416000000,2495,1607,837,4895,332,341,114,1,1320000,176,0,0,205,20,4895,47792,1300,700,1500,332,143304,0,0,24,2,2,8,227,4750000000,6050000000,5500000000,81,10,264,7435,25554,0,18000,0,0,0,0,21927000,22105000,10600000000,120538,2250,https://www.globalfirepower.com/imgs/flags/sml/north-korea.jpg,0.005,31,11678.78788,0.308121432,Asia,None
Argentina,0.5983,993919790,1.21E+12,4989,11968,241,362,42,23,11,25,108000,71,13,2,96,0,362,22432,20,172,27,42,122128,0,0,2,3,0,6,13,993919790,74362000000,29560000000,764,37,201,17866,240000,807000,749000,2483000000,43280000000,46228000000,3.96E+11,869000,2534000,799999000,2780400,11000,https://www.globalfirepower.com/imgs/flags/sml/argentina.jpg,0.0114,32,11231481.48,0.00081939,South America,None
Nigeria,0.6097,3900000000,1.32E+12,853,4477,159,330,152,14,24,12,230000,28,12,0,69,15,330,12219,40,339,37,152,38052,0,0,0,0,1,0,132,3900000000,45009000000,38612000000,50,28,928,3798,195000,1541000,527000,36890000000,39951000000,20719000000,5.76E+12,1322000,1326000,2144000000,923768,8600,https://www.globalfirepower.com/imgs/flags/sml/nigeria.jpg,0.0045,33,5730434.783,0.002959029,Africa,None
Netherlands,0.6142,31791150000,1.28E+12,451,1053,130,18,140,0,38,4,44245,21,0,0,67,16,18,6689,46,0,4,140,147606,0,0,3,0,6,0,76,31791150000,5.26E+12,79129000000,44,18,1187,3055,139027,70000,840000,137747000,17774000000,33243000000,1.33E+11,1761000,12796000,3247000000,41543,6237,https://www.globalfirepower.com/imgs/flags/sml/netherlands.jpg,0.0123,34,28839416.88,0.024914694,Europe,NATO
Myanmar,0.6265,2815031361,2.88E+11,1930,6522,331,1040,239,70,20,33,228000,120,5,0,86,9,1040,11576,225,1680,1520,239,89240,0,0,3,0,6,3,146,2815031361,8748000000,8590400000,74,7,101,5031,157000,7000,122000,139000000,16780000000,3788000000,6.37E+11,1031000,907000,252000000,676578,12800,https://www.globalfirepower.com/imgs/flags/sml/myanmar.jpg,0.0136,35,1261223.684,0.009789404,Asia,None
Mexico,0.6401,9100000000,2.88E+12,9330,4389,424,0,164,2,32,40,387000,175,25,0,173,0,0,23548,35,0,0,164,,0,0,0,0,1,3,142,9100000000,3.06E+11,2.32E+11,1580,35,674,23389,704884,2101000,1741000,5786000000,31422000000,90566000000,1.80E+11,6296000,15132000,1160000000,1964375,2900,https://www.globalfirepower.com/imgs/flags/sml/mexico.jpg,0.0116,36,7449612.403,0.003156434,North America,None
Bangladesh,0.6517,3340000000,1.47E+12,580,4413,212,320,121,41,0,17,204000,83,4,0,67,0,320,11584,36,487,103,121,75280,0,0,2,0,7,6,61,3340000000,58020000000,21395000000,17,2,558,2460,369105,13000,263000,28000000,24620000000,30384000000,1.26E+11,767000,14050000,3260000000,148460,8370,https://www.globalfirepower.com/imgs/flags/sml/bangladesh.jpg,0.0142,37,7220588.235,0.002267481,Asia,None
Portugal,0.6659,6760000000,5.57E+11,1793,1224,128,34,128,28,5,20,25000,23,16,4,36,0,34,10419,23,54,0,128,42755,0,0,2,0,5,2,71,6760000000,5.30E+11,55160000000,136,36,1158,3622,136635,12932,200000,22440000,0,3700000000,72000000000,0,0,40000000,92090,764,https://www.globalfirepower.com/imgs/flags/sml/portugal.jpg,0.002,38,22277680,0.012137709,Europe,NATO
Norway,0.6679,11189483200,5.08E+11,25148,2566,109,36,48,0,43,4,33440,23,5,0,34,0,36,11441,28,0,0,48,66022,0,0,6,0,4,6,20,11189483200,7.88E+11,81242000000,146,141,1720,3848,95120,2020000,229000,8122200000,1.24E+11,4548000000,1.54E+12,120000,1096000,2000000,323802,1577,https://www.globalfirepower.com/imgs/flags/sml/norway.jpg,0.0164,39,15181818.18,0.022040425,Europe,NATO
South Africa,0.6843,2877000000,8.70E+11,2798,5244,181,248,63,2,0,11,68731,81,0,0,87,10,248,23024,52,434,201,63,43881,0,0,3,0,4,0,42,2877000000,93879000000,65435000000,573,8,110,30400,750000,88000,609000,15000000,59128000,4487000000,0,239712000,176095000,9893000000,1219090,0,https://www.globalfirepower.com/imgs/flags/sml/south-africa.jpg,0.015,40,12664154.46,0.003305301,Africa,None
Philippines,0.6993,6571641011,1.20E+12,36289,0,204,18,127,0,17,23,160000,23,11,0,130,6,18,20551,12,296,0,127,84578,0,0,0,0,4,1,60,6571641011,63241000000,1.06E+11,256,70,2203,77,216387,10000,457000,138500000,2251000000,2251000000,98543000000,14457000,42859000,361000000,300000,3219,https://www.globalfirepower.com/imgs/flags/sml/philippines.jpg,0.0386,41,7512500,0.005467255,Asia,None
Malaysia,0.7379,5100000000,1.21E+12,4675,2742,132,48,100,25,11,15,113000,31,6,4,45,0,48,15415,0,196,36,100,67735,0,0,2,0,2,4,72,5100000000,8748000000,1.16E+11,100,35,1750,1851,144403,582000,672000,3600000000,75456000000,42499000000,1.19E+12,4476000,35741000,226000000,329847,7200,https://www.globalfirepower.com/imgs/flags/sml/malaysia.jpg,0.0172,42,10725663.72,0.004207921,Asia,None
Colombia,0.7551,15800000000,9.78E+11,3208,6672,430,0,213,16,24,82,429000,72,27,1,255,0,0,12780,6,110,0,213,31090,0,0,4,0,9,2,158,15800000000,1.08E+11,61898000000,661,14,153,2141,206102,800000,374000,2036000000,11290000000,11451000000,87782000000,52376000,9720000,4554000000,1138910,24725,https://www.globalfirepower.com/imgs/flags/sml/colombia.jpg,0.0564,43,2279776.224,0.016155023,South America,None
Iraq,0.8115,8000000000,5.86E+11,58,3809,360,1188,67,26,36,15,193000,111,17,0,183,39,1188,37496,434,610,572,67,32565,0,0,0,0,0,1,55,8000000000,15580000000,1.01E+11,73,6,74,2272,59623,4448000,1043000,1.45E+11,9860000000,19298000000,3.73E+12,0,0,0,438317,5279,https://www.globalfirepower.com/imgs/flags/sml/iraq.jpg,0.0083,44,3035683.938,0.01365451,Asia,None
Denmark,0.8198,14250000000,4.41E+11,7314,140,122,44,50,26,19,4,21000,36,3,0,34,0,44,5930,19,0,8,50,121180,0,0,0,0,9,0,9,14250000000,6.11E+11,1.08E+11,102,69,715,2682,73591,63000,151000,441000000,1879000000,2208000000,29534000000,0,1135000,0,43094,400,https://www.globalfirepower.com/imgs/flags/sml/denmark.jpg,0.0198,45,20978952.38,0.032345344,Europe,NATO
Switzerland,0.8396,8372658426,7.41E+11,0,1770,141,134,0,40,0,16,147178,43,3,0,39,0,134,6885,133,0,0,0,,0,0,0,0,0,0,0,8372658426,2.42E+12,9.09E+11,66,0,17,5296,83131,300,194000,0,0,3138000000,0,0,126000,0,41277,1292,https://www.globalfirepower.com/imgs/flags/sml/switzerland.jpg,0.0129,46,5034957.67,0.011298601,Europe,None
Ethiopia,0.8525,3720968976,3.81E+11,0,5925,104,338,0,25,0,9,503000,34,0,0,33,7,338,8586,142,469,79,0,,0,0,0,0,0,0,0,3720968976,25426000000,3784000000,58,0,12,659,180000,0,102000,428000,0,0,24919000000,456000,1653000,0,1104300,0,https://www.globalfirepower.com/imgs/flags/sml/ethiopia.jpg,0.0148,47,757246.5209,0.009769015,Africa,None
Finland,0.8673,8890000000,3.14E+11,1250,2563,162,200,165,53,0,11,24000,77,1,0,27,0,200,14866,125,667,76,165,19434,0,0,0,0,0,0,8,8890000000,7.26E+11,17993000000,98,37,282,5918,108637,8000,175000,0,0,1157000000,0,811000,3933000,0,338145,8000,https://www.globalfirepower.com/imgs/flags/sml/finland.jpg,0.0031,48,13066291.67,0.028349028,Europe,NATO
Chile,0.8704,6800000000,5.97E+11,6435,7801,274,386,130,45,0,33,80000,92,18,5,86,0,386,7480,48,249,9,130,176065,0,0,4,0,8,0,40,6800000000,2.36E+11,44403000000,379,39,249,7282,77801,11000,404000,150000000,1200000000,6916000000,97976000000,474000,8087000,1181000000,756102,12290,https://www.globalfirepower.com/imgs/flags/sml/chile.jpg,0.0123,49,7456950,0.011398762,South America,None
Peru,0.8827,2552000000,5.36E+11,2414,7062,252,355,78,15,22,39,120000,68,12,0,112,16,355,9168,12,290,61,78,171629,0,0,6,0,7,8,13,2552000000,38102000000,79246000000,174,20,111,1855,70000,118000,255000,858890000,12270000000,7185000000,3.00E+11,1382000,973000,1567000000,1285216,8808,https://www.globalfirepower.com/imgs/flags/sml/peru.jpg,0.0279,50,4465925,0.004761985,South America,None
Venezuela,0.9106,6060000000,1.11E+11,2800,5267,224,282,41,30,0,47,109000,75,3,1,85,10,282,15168,60,92,56,41,,0,0,3,0,1,0,26,6060000000,1.21E+11,9944750000,509,31,272,447,96189,801000,203000,3.04E+11,17696000000,17696000000,5.67E+12,149000,80000,730999000,912050,7100,https://www.globalfirepower.com/imgs/flags/sml/venezuela.jpg,0.0452,51,1017825.688,0.054622644,South America,None
Romania,0.9558,10230630000,7.74E+11,225,2844,148,451,18,29,0,13,90000,44,2,0,66,0,451,13266,0,720,243,18,,0,0,0,0,3,7,0,10230630000,1.45E+11,73391000000,103,11,127,10628,85387,67000,220000,600000000,9501000000,10055000000,1.05E+11,14752000,15533000,291000000,238391,1731,https://www.globalfirepower.com/imgs/flags/sml/romania.jpg,0.035,52,8604177.778,0.01321145,Europe,NATO
Uzbekistan,0.9908,6210000000,3.80E+11,420,6893,159,470,0,26,13,12,120000,7,0,0,101,34,470,8692,177,236,108,0,,0,0,0,0,0,0,0,6210000000,25714000000,41237000000,74,0,0,4642,225500,64000,111000,594000000,47500000000,43227000000,1.84E+12,6379000,8941000,1375000000,447400,1100,https://www.globalfirepower.com/imgs/flags/sml/uzbekistan.jpg,0.028,53,3166575,0.016342578,Asia,None
United Arab Emirates,1.0188,23480000000,7.46E+11,1318,1066,581,354,84,99,40,35,65000,151,27,5,250,30,354,8982,165,99,49,84,20210,0,0,0,0,0,11,34,23480000000,2.90E+11,2.38E+11,42,20,655,0,4080,4146000,846000,97800000000,56683000000,66091000000,6091000000,0,5411000,0,83600,0,https://www.globalfirepower.com/imgs/flags/sml/united-arab-emirates.jpg,0.0125,54,11476830.77,0.031474784,Asia,None
Czechia,1.0313,9174000000,5.22E+11,0,2046,103,20,0,12,16,10,30334,21,2,0,42,4,20,6275,53,0,16,0,,0,0,0,0,0,0,0,9174000000,2.32E+11,1.46E+11,252,0,0,9548,129418,4000,219000,15000000,224725000,7602000000,3964000000,31946000,33239000,3595000000,78867,664,https://www.globalfirepower.com/imgs/flags/sml/czechoslovakia.jpg,0.0055,55,17206039.43,0.017577137,Europe,None
Morocco,1.0368,16100000000,3.51E+11,1835,2363,271,1346,100,84,0,31,400000,77,4,2,73,6,1346,17594,544,188,185,100,,0,0,0,0,6,1,84,16100000000,42262000000,37134000000,48,12,94,2067,57300,25,296000,684000,82595000,243201000,1444000000,0,10304000,96000000,715550,0,https://www.globalfirepower.com/imgs/flags/sml/morocco.jpg,0.0061,56,876485,0.045922064,Africa,None
Hungary,1.0429,5887250000,3.89E+11,0,2106,80,220,0,12,0,3,41600,17,0,0,50,8,220,11502,24,295,0,0,,0,0,0,0,0,0,0,5887250000,1.51E+11,46422000000,109,0,1,7687,203601,36000,179000,12100000,1523000000,9485000000,3738000000,4293000,4694000,2633000000,103000,1622,https://www.globalfirepower.com/imgs/flags/sml/hungary.jpg,0.0004,57,9355937.5,0.01512627,Europe,NATO
Kazakhstan,1.0433,5836386000,7.39E+11,26,13364,168,353,26,37,13,21,110000,25,0,0,72,12,353,17460,126,194,287,26,,0,0,0,0,0,0,23,5836386000,25765000000,45808000000,132,0,122,16636,96167,1955000,386000,30000000000,27011000000,22623000000,2.41E+12,120279000,86349000,25605000000,2724900,43983,https://www.globalfirepower.com/imgs/flags/sml/kazakhstan.jpg,0.0612,58,6721681.818,0.007893568,Asia,CSTO
Angola,1.1045,31200000000,2.78E+11,1600,5369,278,319,32,67,6,32,107000,56,2,0,115,14,319,2258,25,575,116,32,,0,0,0,0,0,0,32,31200000000,45299000000,14243000000,107,21,64,2761,76000,1175000,121000,7783000000,5514000000,1397000000,3.43E+11,0,0,0,1246700,1300,https://www.globalfirepower.com/imgs/flags/sml/angola.jpg,0.0946,59,2600364.486,0.112133813,Africa,None
Azerbaijan,1.1991,5100000000,2.25E+11,713,2468,159,1354,32,12,20,4,128000,36,0,0,87,16,1354,14448,135,651,696,32,,0,0,4,0,0,0,17,5100000000,12378000000,12699000000,32,0,312,2944,24981,618000,109000,7000000000,34175000000,11759000000,1.70E+12,0,6000,0,86600,0,https://www.globalfirepower.com/imgs/flags/sml/azerbaijan.jpg,0.021,60,1759359.375,0.022646738,Asia,None
Belgium,1.2201,14900000000,7.49E+11,67,1297,104,0,9,44,12,7,26390,27,0,0,14,0,0,3588,0,0,0,9,10190,0,0,0,0,2,0,2,14900000000,1.59E+12,41449000000,48,7,198,3602,118414,11000,596000,0,13436000,15347000000,0,1269000,4372000,4100000000,30528,2043,https://www.globalfirepower.com/imgs/flags/sml/belgium.jpg,0.0321,61,28390640.39,0.019887111,Europe,NATO
Bulgaria,1.2522,2485350000,2.20E+11,354,1806,71,334,45,11,5,6,36950,26,0,0,23,4,334,6724,48,24,24,45,,0,0,0,0,6,3,0,2485350000,14277000000,43698000000,107,2,78,4029,19512,4000,101000,15000000,20837000,2801000000,5663000000,20970000,20557000,2174000000,110880,470,https://www.globalfirepower.com/imgs/flags/sml/bulgaria.jpg,0.0416,62,5944384.303,0.011315304,Europe,NATO
Serbia,1.2938,2770000000,1.77E+11,0,2322,115,242,30,11,17,3,22500,33,0,0,51,4,242,7190,96,150,73,30,,0,0,0,0,0,0,18,2770000000,21726000000,30484000000,46,0,0,3333,45022,13000,88000,77500000,353376000,2939000000,48139000000,33219000,37828000,7112000000,77474,587,https://www.globalfirepower.com/imgs/flags/sml/serbia.jpg,0.0113,63,7870800,0.015641499,Europe,None
Democratic Republic of the Congo,1.3051,960000000,1.64E+11,37,10481,56,212,16,0,6,10,166580,2,0,0,38,9,212,7164,16,125,81,16,,0,0,0,0,0,0,16,960000000,7926000000,3898125000,273,3,24,4007,152373,19000,35000,180000000,380000,380000,991090000,0,304000,987999000,2344858,15000,https://www.globalfirepower.com/imgs/flags/sml/democratic-republic-of-the-congo.jpg,0.0294,64,986715.0918,0.005840588,Africa,None
Cuba,1.3345,3301500000,81165000000,3735,29,20,194,19,11,0,4,50000,3,0,0,13,4,194,7792,140,364,200,19,,0,0,0,0,1,1,6,3301500000,36372600000,10442000000,120,34,65,8367,60000,34000,118000,124000000,659434000,659434000,70792000000,0,1000,0,110860,240,https://www.globalfirepower.com/imgs/flags/sml/cuba.jpg,0.0218,65,1623300,0.0406764,North America,None
Sudan,1.3563,394700000,94420000000,853,6819,183,1055,10,37,36,13,300000,33,0,0,64,35,1055,8890,100,1150,800,10,,0,0,0,0,0,0,10,394700000,21650000000,192348850,45,4,14,7251,31000,68000,129000,1250000000,0,0,84951000000,0,0,0,1861484,4068,https://www.globalfirepower.com/imgs/flags/sml/sudan.jpg,0.0196,66,314733.3333,0.004180258,Africa,None
Austria,1.3759,6103900800,5.81E+11,0,2524,90,56,0,15,0,11,25000,23,0,0,41,0,56,5160,30,0,0,0,,0,0,0,0,0,0,0,6103900800,6.93E+11,35406000000,62,0,1,6123,126233,18000,244000,35200000,618209000,8136000000,5040000000,1288000,5403000,0,83871,358,https://www.globalfirepower.com/imgs/flags/sml/austria.jpg,0.0063,67,23245240,0.010503485,Europe,EU
Sri Lanka,1.3822,1500000000,3.01E+11,1340,0,90,87,275,6,0,15,346000,7,3,0,49,8,87,15021,0,96,28,275,32636,0,0,0,0,5,0,259,1500000000,42198000000,6094000000,18,6,96,1562,114093,0,100000,0,0,0,0,0,2323000,0,65610,160,https://www.globalfirepower.com/imgs/flags/sml/sri-lanka.jpg,0.0089,68,871118.4971,0.004976659,Asia,None
Slovakia,1.3911,2900000000,2.19E+11,0,1587,48,45,0,7,0,7,20982,11,1,0,22,0,45,6636,35,9,25,0,,0,0,0,0,0,0,0,2900000000,1.40E+11,14452000000,116,0,0,3627,45106,7000,90000,9000000,52556000,60424000,14158000000,2315000,6066000,19000000,49035,172,https://www.globalfirepower.com/imgs/flags/sml/slovakia.jpg,0.0161,69,10426174.82,0.013256416,Europe,NATO
Belarus,1.4072,1034784000,2.65E+11,0,3599,194,577,0,43,50,4,63000,27,0,0,70,31,577,6820,357,190,206,0,,0,0,0,0,0,0,0,1034784000,18010000000,8912000000,46,0,4,5528,86600,30000,125000,198000000,73929000,16683000000,2832000000,0,710000,0,207600,2500,https://www.globalfirepower.com/imgs/flags/sml/belarus.jpg,0.0024,70,4209841.27,0.003901606,Europe,CSTO
Qatar,1.4096,11950000000,3.17E+11,563,87,263,62,125,115,6,12,26550,45,0,0,85,24,62,5576,46,12,16,125,,0,0,0,0,0,4,107,11950000000,2.06E+11,53987000000,8,6,123,0,7039,1818000,268000,25244000,1.70E+11,41515000000,2.39E+13,0,0,0,11586,0,https://www.globalfirepower.com/imgs/flags/sml/qatar.jpg,0.0383,71,11942146.89,0.037689552,Asia,None
Ecuador,1.4479,2963400000,2.53E+11,2237,2237,99,202,30,0,0,20,41250,34,8,0,43,0,202,5322,5,106,24,30,,0,0,2,0,2,6,5,2963400000,39658000000,6908000000,317,6,154,965,43950,480000,272000,8273000000,309778000,309778000,10902000000,0,14000,24000000,283560,1500,https://www.globalfirepower.com/imgs/flags/sml/ecuador.jpg,0.0953,72,6126739.394,0.01172565,South America,None
Croatia,1.5432,2744000000,1.65E+11,5835,2237,67,55,30,12,0,0,14325,26,0,0,37,0,55,4874,25,42,42,30,,0,0,0,0,0,0,11,2744000000,60500000000,3336000000,45,16,384,2617,26958,11000,70000,71000000,741456000,2502000000,24919000000,0,596000,0,56594,4714,https://www.globalfirepower.com/imgs/flags/sml/croatia.jpg,0.0149,73,11506108.2,0.01664796,Europe,NATO
Jordan,1.5581,2668500000,1.10E+11,26,1744,279,1508,27,44,10,12,114500,66,11,0,159,44,1508,25278,478,80,84,27,,0,0,0,0,0,0,27,2668500000,21058000000,21939000000,18,1,34,509,7203,20,97000,1000000,187262000,4382000000,6031000000,0,269000,0,89342,0,https://www.globalfirepower.com/imgs/flags/sml/jordan.jpg,0.115,74,960576.4192,0.024262179,Asia,None
Bahrain,1.6731,997015509,93937000000,161,0,137,150,64,28,0,3,18400,40,0,0,66,34,150,5196,38,26,18,64,,0,0,0,0,2,2,50,997015509,54450000000,4949000000,3,4,184,0,4122,190000,72000,186500000,18005000000,17924000000,81382000000,0,0,0,760,0,https://www.globalfirepower.com/imgs/flags/sml/bahrain.jpg,0.043,75,5105271.739,0.010613661,Asia,None
Kuwait,1.7161,7987000000,2.26E+11,499,475,133,367,123,47,0,2,78000,13,0,3,68,16,367,7472,51,0,27,123,,0,0,0,0,0,0,106,7987000000,60500000000,50728000000,6,6,176,0,5749,2910000,430000,1.02E+11,19285000000,26083000000,1.78E+12,0,60000,0,17818,0,https://www.globalfirepower.com/imgs/flags/sml/kuwait.jpg,0.0097,76,2896756.41,0.035348998,Asia,None
Albania,1.7258,720037190,51360000000,362,691,20,0,33,0,0,1,7500,0,0,0,19,0,0,1492,10,0,270,33,,0,0,0,0,0,0,33,720037190,5363000000,6516000000,3,3,69,424,3581,14000,21000,150000000,50623000,50623000,5692000000,473000,255000,522000000,28748,41,https://www.globalfirepower.com/imgs/flags/sml/albania.jpg,0.0201,77,6848000,0.014019416,Europe,NATO
Turkmenistan,1.7459,1463000000,1.35E+11,1768,4158,91,654,16,22,27,5,36500,11,0,0,26,10,654,11588,73,457,164,16,,0,0,0,0,0,0,16,1463000000,3696000000,21073860000,23,0,73,5113,58592,272000,152000,600000000,86472000000,41561000000,1.13E+13,0,0,799999000,488100,1300,https://www.globalfirepower.com/imgs/flags/sml/turkmenistan.jpg,0.0364,78,3686438.356,0.010872877,Asia,None
Tunisia,1.7823,2172751250,1.56E+11,1148,1495,155,145,37,10,0,12,89800,28,4,0,101,0,145,13927,0,105,0,37,,0,0,0,0,1,1,30,2172751250,21212000000,9344000000,14,16,72,2173,32332,35000,104000,425000000,1323000000,5153000000,65129000000,0,2000,0,163610,0,https://www.globalfirepower.com/imgs/flags/sml/tunisia.jpg,0.0049,79,1738151.448,0.013920219,Africa,None
Libya,1.7872,1474800000,90609000000,1770,4339,83,55,5,10,1,12,32000,35,0,0,22,4,55,2728,20,38,25,5,,0,0,0,0,1,0,2,1474800000,3654200000,92894000000,75,14,96,0,34000,1245000,207000,48363000000,11832000000,9212000000,1.51E+12,0,0,0,1759540,0,https://www.globalfirepower.com/imgs/flags/sml/libya.jpg,0.0102,80,2831531.25,0.016276529,Africa,None
Paraguay,1.7974,416800000,1.13E+11,0,4655,49,10,73,0,4,12,15650,14,1,0,18,0,10,2876,6,50,0,73,,0,0,0,0,0,0,64,416800000,13783000000,9886000000,83,1,108,30,78811,2000,52000,0,0,0,0,0,700,0,406752,3100,https://www.globalfirepower.com/imgs/flags/sml/paraguay.jpg,0.0327,81,7215271.565,0.003691141,South America,None
Bolivia,1.8301,467670000,1.22E+11,0,7252,67,54,67,0,0,15,40000,20,2,0,29,0,54,764,0,58,0,67,,0,0,0,0,0,0,50,467670000,11174000000,1977000000,201,0,50,3690,90568,58000,100000,240900000,13760000000,3055000000,3.03E+11,0,9000,1000000,1098581,10000,https://www.globalfirepower.com/imgs/flags/sml/bolivia.jpg,0.0133,82,3055000,0.003827087,South America,None
Cambodia,1.8434,750000000,1.24E+11,443,2530,24,520,20,0,0,4,124300,0,0,0,20,0,520,5439,30,525,521,20,,0,0,0,0,0,0,20,750000000,8019000000,22506000000,12,2,195,642,61810,0,77000,0,0,0,0,27000,4390000,0,181035,3700,https://www.globalfirepower.com/imgs/flags/sml/cambodia.jpg,0.0154,83,994979.8874,0.006064232,Asia,None
Kenya,1.8588,1651803025,3.29E+11,536,3457,154,188,27,17,0,21,50000,30,2,0,84,2,188,9114,18,53,0,27,,0,0,0,0,0,0,18,1651803025,31451000000,10067000000,368,4,26,3819,161452,0,113000,0,0,0,0,0,1453000,0,580367,0,https://www.globalfirepower.com/imgs/flags/sml/kenya.jpg,0.0006,84,6572640,0.0050263,Africa,None
Chad,1.8594,706800000,52895000000,0,6406,40,90,0,0,7,7,37750,8,2,0,16,3,90,4345,10,13,16,0,,0,0,0,0,0,0,0,706800000,2286000000,1050000000,44,0,0,0,40000,124000,15000,1500000000,0,0,0,0,0,0,1284000,12400,https://www.globalfirepower.com/imgs/flags/sml/chad.jpg,0.0229,85,1401192.053,0.013362322,Africa,None
Oman,1.8823,8364000000,1.94E+11,2092,1561,128,264,17,29,10,9,100000,45,4,0,31,0,264,11380,24,144,0,17,22490,0,0,0,0,0,5,8,8364000000,55986700000,18287000000,37,7,57,0,60230,1056000,218000,5375000000,40754000000,27364000000,6.51E+11,0,82000,0,309500,0,https://www.globalfirepower.com/imgs/flags/sml/oman.jpg,0.0038,86,1935910,0.043204488,Asia,None
Syria,1.8861,145925000,98858000000,193,2363,104,168,12,52,5,2,100000,8,0,0,39,7,168,18736,60,0,0,12,,0,0,0,0,0,0,8,145925000,4441250000,307766250,42,3,24,2052,69873,65000,102000,2500000000,3085000000,3084000000,2.41E+11,0,15000,0,187437,900,https://www.globalfirepower.com/imgs/flags/sml/syria.jpg,0.0088,87,988580,0.001476107,Asia,None
Lithuania,1.8949,5651760000,1.36E+11,90,1545,9,0,13,0,0,5,23000,0,0,0,4,0,0,4553,16,54,0,13,,0,0,0,0,0,0,5,5651760000,48400000000,7406000000,64,2,59,1911,83821,4000,67000,12000000,0,1601000000,0,0,166000,0,65300,441,https://www.globalfirepower.com/imgs/flags/sml/lithuania.jpg,0.0162,88,5922913.043,0.041487811,Europe,NATO
Tanzania,1.9111,1476113361,2.47E+11,1424,4161,38,200,12,11,0,6,25000,6,0,0,15,0,200,8408,0,205,70,12,,0,0,0,0,0,0,10,1476113361,17513000000,5371525000,206,8,381,4097,145203,0,85000,0,1808000000,1808000000,6513000000,2341000,740000,1410000000,947300,0,https://www.globalfirepower.com/imgs/flags/sml/tanzania.jpg,0.0147,89,9868240,0.005983289,Africa,None
New Zealand,1.9258,2455949332,2.57E+11,15134,0,47,0,8,0,0,7,10050,13,6,0,21,0,0,3378,0,31,0,8,,0,0,0,0,2,0,4,2455949332,2.31E+11,22065000000,206,22,117,4128,94000,12000,154000,40993000,3770000000,3819000000,31149000000,3011000,2696000,6750000000,268838,0,https://www.globalfirepower.com/imgs/flags/sml/new-zealand.jpg,0.0146,90,25583781.09,0.009551875,Oceania,None
Slovenia,1.9404,1782000000,1.03E+11,47,1211,40,54,3,0,0,5,7000,23,0,0,16,0,54,4636,17,18,0,3,,0,0,0,0,0,0,3,1782000000,60500000000,2832000000,42,2,8,1207,38125,4,44000,0,3863000,840902000,0,2440000,2309000,95000000,20273,710,https://www.globalfirepower.com/imgs/flags/sml/slovenia.jpg,0.0365,91,14731142.86,0.017281173,Europe,NATO
Mozambique,1.9769,480000000,51786000000,2470,4783,23,60,36,8,2,5,11200,1,0,0,7,2,60,3488,0,104,12,36,,0,0,0,0,0,0,36,480000000,8274000000,3843000000,92,11,36,4787,30562,0,42000,0,5388000000,1347000000,2.83E+12,10583000,13000,1792000000,799380,460,https://www.globalfirepower.com/imgs/flags/sml/mozambique.jpg,0.0218,92,4623750,0.009268914,Africa,None
Mongolia,1.9987,1590000000,59221000000,0,8082,8,420,0,0,0,3,35000,2,0,0,3,0,420,11040,0,500,130,0,,0,0,0,0,0,0,0,1590000000,8379000000,5508000000,37,0,318,1815,113200,15000,39000,0,0,0,0,68824000,8941000,2520000000,1564116,580,https://www.globalfirepower.com/imgs/flags/sml/mongolia.jpg,0.0674,93,1692028.571,0.026848584,Asia,None
Ireland,2.0661,1754400500,6.21E+11,1448,443,23,0,8,0,0,5,7557,8,2,0,8,0,0,3296,0,0,0,8,,0,0,0,0,0,0,8,1754400500,3.63E+12,12698000000,100,21,94,1688,102227,600,159000,0,1447000000,5280000000,9911000000,0,1341000,40000000,70273,956,https://www.globalfirepower.com/imgs/flags/sml/ireland.jpg,0.0118,94,82115125.05,0.002827198,Europe,EU
Georgia,2.0779,680000000,91849000000,310,1814,61,132,19,0,5,2,37000,10,0,0,44,11,132,5974,67,121,42,19,,0,0,0,0,0,0,31,680000000,9085000000,4447000000,21,3,26,1363,40044,300,34000,35000000,8760000,2796000000,8495000000,148000,384000,900999000,69700,0,https://www.globalfirepower.com/imgs/flags/sml/georgia.jpg,0.0498,95,2482405.405,0.007403456,Asia,None
Guatemala,2.1277,616000000,2.33E+11,400,1667,35,0,25,0,3,10,106114,0,2,0,20,0,0,3268,0,110,0,25,,0,0,0,0,0,0,20,616000000,11862000000,24412000000,58,3,9,800,17440,6000,117000,86110000,3276000,2986000,0,0,1012000,0,108889,990,https://www.globalfirepower.com/imgs/flags/sml/guatemala.jpg,0.026,96,2192670.147,0.002647492,North America,None
Uruguay,2.1537,1903440000,1.09E+11,660,1591,43,62,16,0,6,6,24000,12,5,2,12,0,62,5968,16,83,4,16,,0,0,0,0,0,0,5,1903440000,54450000000,17378000000,65,8,58,1673,77732,400,50000,0,0,86037000,0,0,8000,0,176215,1600,https://www.globalfirepower.com/imgs/flags/sml/uruguay.jpg,0.008,97,4520916.667,0.017542902,South America,None
Yemen,2.1617,405187500,18719000000,1906,1601,160,0,26,68,0,3,33350,30,0,0,59,14,0,1550,12,60,30,26,,0,0,0,0,0,1,9,405187500,6492000000,831025575,37,10,30,0,71300,15000,58000,3000000000,189432000,189432000,4.79E+11,0,27000,0,527968,0,https://www.globalfirepower.com/imgs/flags/sml/yemen.jpg,0.0072,98,561289.3553,0.021645788,Asia,None
Cameroon,2.1689,835694942,1.43E+11,400,5018,35,0,19,0,0,6,38000,6,2,0,21,0,0,860,18,52,20,19,,0,0,0,0,0,0,19,835694942,11112000000,4882000000,37,7,198,987,77589,64000,41000,200000000,2595000000,877058000,1.35E+11,0,0,0,475440,0,https://www.globalfirepower.com/imgs/flags/sml/cameroon.jpg,0.006,99,3770105.263,0.005833251,Africa,None
Tajikistan,2.1749,450460000,50370000000,0,4130,25,38,0,0,0,1,150000,4,0,0,20,6,38,6782,3,13,24,0,,0,0,0,0,0,0,0,450460000,3024000000,3026450000,19,0,0,680,30000,300,31000,12000000,18476000,85567000,5663000000,2394000,2297000,4075000000,144100,200,https://www.globalfirepower.com/imgs/flags/sml/tajikistan.jpg,0.0267,100,335800,0.008943022,Asia,CSTO
Armenia,2.2016,1480000000,60909000000,0,1570,69,109,0,4,14,3,65000,12,0,0,36,20,109,1412,104,193,100,0,,0,0,0,0,0,0,0,1480000000,6002000000,3685000000,11,0,0,686,7700,0,15000,0,0,2861000000,0,300,19000,317000000,29743,0,https://www.globalfirepower.com/imgs/flags/sml/armenia.jpg,0.03,101,937061.5385,0.024298544,Asia,CSTO
Latvia,2.2316,42000000,72516000000,498,1370,3,0,18,0,0,0,17870,0,0,0,3,0,0,3410,47,0,0,18,,0,0,0,0,0,0,11,42000000,48598440000,5141000000,55,5,83,2216,57972,2000,33000,0,0,828214000,0,0,20000,0,64589,300,https://www.globalfirepower.com/imgs/flags/sml/latvia.jpg,0.0259,102,4057974.259,0.000579183,Europe,NATO
Honduras,2.2575,612300000,71297000000,832,1575,45,22,98,6,7,10,52225,10,1,0,11,0,22,4666,0,48,0,98,,0,0,0,0,0,0,93,612300000,7785000000,8036000000,129,8,489,699,14742,20,71000,0,0,0,0,0,144000,0,112090,465,https://www.globalfirepower.com/imgs/flags/sml/honduras.jpg,0.0023,103,1365189.086,0.008588019,North America,None
Mali,2.2598,1110000000,71253000000,0,7908,44,0,0,9,12,8,40000,4,1,0,10,8,0,3717,0,50,30,0,,0,0,0,0,0,0,0,1110000000,4085000000,647800000,30,0,0,593,139107,0,46000,0,0,0,0,0,0,0,1240192,1800,https://www.globalfirepower.com/imgs/flags/sml/mali.jpg,0.0203,104,1781325,0.015578291,Africa,None
Zimbabwe,2.2801,1976800000,57391000000,0,3229,80,60,0,9,9,14,29000,20,0,0,28,6,60,1248,0,0,0,0,,0,0,0,0,0,0,0,1976800000,6671000000,484973000,144,0,0,3427,97267,800,34000,0,0,0,0,7968000,6705000,502000000,390757,0,https://www.globalfirepower.com/imgs/flags/sml/zimbabwe.jpg,0.04,105,1979000,0.034444425,Africa,None
Estonia,2.3201,2375000000,57001000000,3794,657,2,0,8,0,0,2,7700,0,0,0,0,0,0,2579,48,0,6,8,,0,0,0,0,0,0,4,2375000000,29040000000,2075000000,34,20,72,1441,89382,24000,27000,0,0,354912000,0,0,800,0,45228,335,https://www.globalfirepower.com/imgs/flags/sml/estonia.jpg,0.0051,106,7402727.273,0.041665936,Europe,NATO
Uganda,2.3252,1510000000,1.44E+11,0,2729,51,259,0,6,0,3,45000,12,0,0,30,6,259,9702,6,26,12,0,,0,0,0,0,0,0,0,1510000000,10469000000,3432750000,39,0,0,1244,20544,0,44000,2500000000,0,0,14158000000,19,0,799999000,241038,0,https://www.globalfirepower.com/imgs/flags/sml/uganda.jpg,0.0632,107,3203044.444,0.010476144,Africa,None
Ivory Coast,2.3884,18200000,2.15E+11,515,3458,22,0,8,0,0,3,22000,2,3,0,14,5,0,1328,0,4,6,8,,0,0,0,0,0,0,7,18200000,26576000000,7583484000,29,5,25,660,81996,29000,87000,100000000,2635000000,2635000000,28317000000,0,0,0,322463,980,https://www.globalfirepower.com/imgs/flags/sml/ivory-coast.jpg,0.0085,108,9773545.455,8.46E-05,Africa,None
Kyrgyzstan,2.3969,654000000,50907000000,0,4573,7,215,0,0,0,0,23000,0,0,0,7,2,215,5372,30,174,21,0,,0,0,0,0,0,0,0,654000000,3617000000,5089000000,28,0,0,424,34000,6000,31000,40000000,31026000,438000000,5663000000,3685000,4212000,28499000000,199951,576,https://www.globalfirepower.com/imgs/flags/sml/kyrgyzstan.jpg,0.046,109,2213347.826,0.012846956,Asia,CSTO
Luxembourg,2.4429,1530685000,86871000000,0,327,1,0,0,0,0,1,1200,0,0,0,0,0,0,476,0,0,0,0,,0,0,0,0,0,0,0,1530685000,5.20E+12,2789000000,3,0,147,271,2746,0,51000,0,0,594240000,0,0,34000,0,2586,37,https://www.globalfirepower.com/imgs/flags/sml/luxembourg.jpg,0.0032,110,72392500,0.017620207,Europe,None
Zambia,2.4461,385321000,79207000000,0,6043,78,75,0,0,0,13,15150,34,0,0,33,0,75,848,12,60,50,0,,0,0,0,0,0,0,0,385321000,16597000000,3017000000,120,0,2,3126,67671,0,34000,0,0,0,0,2091000,2081000,945000000,752618,0,https://www.globalfirepower.com/imgs/flags/sml/zambia.jpg,0.0105,111,5228184.818,0.004864734,Africa,None
Ghana,2.4566,954423756,2.43E+11,539,2420,18,0,20,0,0,2,15500,5,2,0,9,0,0,3648,0,6,6,20,,0,0,0,0,0,0,20,954423756,29241000000,3624000000,11,4,52,947,65725,176000,96000,660000000,3192000000,3912000000,22653000000,0,51000,0,238533,1293,https://www.globalfirepower.com/imgs/flags/sml/ghana.jpg,0.0079,112,15685419.35,0.003925667,Africa,None
South Sudan,2.4645,30700000,6752000000,0,6018,19,122,0,0,0,4,185000,0,0,0,15,6,122,2550,24,0,15,0,,0,0,0,0,0,0,0,30700000,2722500000,128248000,89,0,0,248,90200,146000,11000,3750000000,0,0,0,0,0,0,644329,0,https://www.globalfirepower.com/imgs/flags/sml/south-sudan.jpg,0.0311,113,36497.2973,0.004546801,Africa,None
North Macedonia,2.4956,421527100,43844000000,0,838,20,0,0,0,0,0,10010,10,0,0,10,4,0,1878,0,156,18,0,,0,0,0,0,0,0,0,421527100,5637000000,5252000000,13,0,0,699,15170,0,24000,0,0,274928000,0,4000000,5344000,332000000,25713,0,https://www.globalfirepower.com/imgs/flags/sml/macedonia.jpg,0.0897,114,4380019.98,0.009614248,Europe,NATO
Dominican Republic,2.5853,903000000,2.77E+11,1288,376,80,6,34,0,8,11,89000,17,1,0,49,0,6,930,0,14,0,34,,0,0,0,0,0,0,14,903000000,35044000000,13471000000,32,17,40,496,19705,0,146000,0,0,2440000000,0,0,2356000,0,48320,0,https://www.globalfirepower.com/imgs/flags/sml/dominican-republic.jpg,0.0041,115,3111056.18,0.003261294,North America,None
Nicaragua,2.5894,1311600000,52989000000,910,1253,17,186,23,0,0,5,45000,1,0,0,12,0,186,6344,0,347,151,23,,0,0,0,0,0,0,23,1311600000,6753000000,6105000000,39,5,5,0,24033,200,28000,0,0,0,0,0,0,0,130370,2220,https://www.globalfirepower.com/imgs/flags/sml/nicaragua.jpg,0.0365,116,1177533.333,0.024752307,North America,None
Republic of the Congo,2.6259,933360000,39147000000,169,5008,14,61,4,2,0,4,10000,0,0,0,8,1,61,804,3,38,30,4,,0,0,0,0,0,0,0,933360000,6360000000,715391000,56,5,11,510,23324,267000,13000,2885000000,423000000,423000000,2.84E+11,0,0,0,342000,1120,https://www.globalfirepower.com/imgs/flags/sml/republic-of-the-congo.jpg,0.0262,117,3914700,0.02384244,Africa,None
Lebanon,2.6521,800000000,65415000000,225,484,80,334,48,0,9,0,80000,9,0,0,68,0,334,6912,12,350,11,48,,0,0,0,0,0,0,42,800000000,41619000000,33301000000,8,5,51,401,21705,0,115000,0,0,0,0,0,166000,0,10400,0,https://www.globalfirepower.com/imgs/flags/sml/lebanon.jpg,0.032,118,817687.5,0.012229611,Asia,None
Eritrea,2.6841,219000000,2534000000,2234,1840,20,148,23,1,0,5,350000,1,0,0,13,6,148,1040,45,89,44,23,,0,0,0,0,0,0,18,219000000,461376000,191694000,11,2,9,306,16000,0,5000,0,0,0,0,0,0,0,117600,0,https://www.globalfirepower.com/imgs/flags/sml/eritrea.jpg,0.0026,119,7240,0.086424625,Africa,None
Niger,2.6867,488400000,47921000000,0,5834,26,0,0,0,2,7,25000,0,2,0,13,2,0,1550,0,0,0,0,,0,0,0,0,0,0,0,488400000,3793000000,1442772000,26,0,0,0,18949,13000,18000,150000000,29509000,29858000,0,427000,426000,90000000,1267000,300,https://www.globalfirepower.com/imgs/flags/sml/niger.jpg,0.0475,120,1916840,0.010191774,Africa,None
Afghanistan,2.7342,145000000,82238000000,0,5987,5,0,0,0,0,2,75000,0,0,0,3,0,0,3902,0,0,0,0,,0,0,0,0,0,0,0,145000000,1929750000,8852092000,68,0,0,0,34903,0,58000,0,80200000,80200000,49554000000,767000,503000,66000000,652230,1200,https://www.globalfirepower.com/imgs/flags/sml/afghanistan.jpg,0.0072,121,1096506.667,0.001763175,Asia,None
Namibia,2.7414,450498000,31154000000,1572,4220,36,7,15,11,0,5,17567,13,0,0,7,2,7,2402,0,50,55,15,,0,0,0,0,0,2,15,450498000,9680000000,3356000000,259,2,15,2628,48875,0,23000,0,0,0,62297000000,0,24000,350000000,824292,0,https://www.globalfirepower.com/imgs/flags/sml/namibia.jpg,0.0505,122,1773438.834,0.014460358,Africa,None
Mauritania,2.7919,270625000,33069000000,754,5002,23,51,6,0,4,7,31540,6,2,0,4,0,51,5024,0,75,0,6,,0,0,0,0,0,0,6,270625000,3072000000,2039000000,25,2,11,728,12253,0,32000,20000000,0,0,28317000000,0,0,0,1030700,1086,https://www.globalfirepower.com/imgs/flags/sml/mauritania.jpg,0.0118,123,1048478.123,0.008183646,Africa,None
Nepal,2.8037,431355326,1.50E+11,0,3159,17,0,0,0,0,7,98500,0,0,0,10,0,0,1108,0,14,0,0,,0,0,0,0,0,0,0,431355326,5719000000,12456000000,51,0,0,59,64500,0,71000,0,0,0,0,9000,1091000,8000000,147181,0,https://www.globalfirepower.com/imgs/flags/sml/nepal.jpg,0.0635,124,1519218.274,0.002882563,Asia,None
Laos,2.8672,355600000,66905000000,0,5274,29,160,51,0,0,2,100000,7,0,0,20,0,160,7725,50,97,64,51,,0,0,0,0,0,0,47,355600000,9619000000,1770000000,20,0,1,422,59647,0,25000,0,0,0,0,16629000,15944000,62000000,236800,4600,https://www.globalfirepower.com/imgs/flags/sml/laos.jpg,0.0253,125,669050,0.005314999,Asia,None
Senegal,2.8925,777800000,83183000000,531,2684,39,0,4,0,0,5,17000,22,1,0,19,5,0,1860,0,20,6,4,,0,0,0,0,0,0,4,777800000,14985000000,889295000,20,6,36,906,16665,9000,65000,0,54646000,54498000,0,0,138000,0,196722,1000,https://www.globalfirepower.com/imgs/flags/sml/senegal.jpg,0.0288,126,4893117.647,0.009350468,Africa,None
Burkina Faso,2.9213,4590000000,60001000000,0,3611,26,0,0,0,3,2,7500,0,2,0,19,5,0,876,0,8,9,0,,0,0,0,0,0,0,0,4590000000,3565000000,47138000,49,0,0,622,15304,0,37000,0,0,0,0,0,0,0,274200,0,https://www.globalfirepower.com/imgs/flags/sml/burkina-faso.jpg,0.0569,127,8000133.333,0.076498725,Africa,None
Montenegro,2.9782,204000000,17375000000,294,680,10,0,20,0,0,0,2350,0,0,0,10,0,0,946,0,12,12,20,,0,0,0,0,0,0,14,204000000,3643000000,1741000000,5,4,18,250,7762,0,9000,0,0,0,0,1862000,1658000,337000000,13812,0,https://www.globalfirepower.com/imgs/flags/sml/montenegro.jpg,0.0191,128,7393617.021,0.011741007,Europe,NATO
El Salvador,2.9973,1037200000,73961000000,307,590,51,0,13,0,15,3,25000,10,0,0,28,0,0,2144,0,76,0,13,,0,0,0,0,0,0,8,1037200000,12668000000,3705000000,27,3,5,13,9012,3,56000,0,0,226472,0,0,500,0,21041,422,https://www.globalfirepower.com/imgs/flags/sml/el-salvador.jpg,0.002,129,2958440,0.014023607,North America,None
Botswana,2.9993,581000000,45553000000,0,4347,45,45,0,10,0,9,12000,10,0,0,16,0,45,1224,12,36,20,0,,0,0,0,0,0,0,0,581000000,1761000000,3456000000,122,0,0,888,31747,0,22000,0,0,0,0,2242000,1351000,1660000000,581730,0,https://www.globalfirepower.com/imgs/flags/sml/botswana.jpg,0.0388,130,3796083.333,0.012754374,Africa,None
Madagascar,3.0381,147630000,52968000000,4828,0,6,12,7,0,0,1,13500,0,0,0,5,0,12,316,0,17,0,7,,0,0,0,0,0,0,5,147630000,3548000000,2785000000,93,13,29,836,31640,0,20000,0,0,0,0,0,472000,150000000,587040,600,https://www.globalfirepower.com/imgs/flags/sml/madagascar.jpg,0.0051,131,3923555.556,0.002787155,Africa,None
Gabon,3.0432,340950000,48045000000,885,3261,25,0,5,6,0,3,5000,0,0,0,16,0,0,424,0,4,28,5,,0,0,0,0,0,0,4,340950000,6442000000,1447000000,42,9,87,649,14300,204000,14000,2000000000,463000000,463000000,25995000000,0,0,0,267667,1600,https://www.globalfirepower.com/imgs/flags/sml/gabon.jpg,0.0859,132,9609000,0.007096472,Africa,None
Bosnia and Herzegovina,3.1291,289920000,64641000000,20,1543,15,45,0,0,0,0,18000,0,0,0,15,0,45,892,0,300,24,0,,0,0,0,0,0,0,0,289920000,5359000000,9419000000,20,1,0,965,8619,0,34000,0,0,225824000,0,12311000,12304000,2264000000,51197,990,https://www.globalfirepower.com/imgs/flags/sml/bosnia-and-herzegovina.jpg,0.2722,133,3591166.667,0.004485079,Europe,None
Iceland,3.4013,500000000,26561000000,4970,0,0,0,0,0,0,0,0,0,0,0,0,0,0,350,0,0,0,0,,0,0,0,0,0,0,0,500000000,24200000000,6403000000,82,43,39,0,12905,0,19000,0,0,0,0,0,137000,0,100250,0,https://www.globalfirepower.com/imgs/flags/sml/iceland.jpg,0.0998,134,0,0.018824592,Europe,NATO
Panama,3.5011,1069750000,1.64E+11,2490,687,38,0,22,0,0,13,16300,0,2,0,23,0,0,1550,0,0,0,22,,0,0,0,0,0,0,14,1069750000,1.23E+12,6856000000,77,12,8174,77,11978,0,131000,0,0,389611000,0,0,863000,0,75420,800,https://www.globalfirepower.com/imgs/flags/sml/panama.jpg,0.1214,135,10091042.94,0.006503672,North America,None
Moldova,3.6225,114114000,39342000000,0,1885,3,0,0,0,0,1,6500,0,0,0,2,0,0,1598,4,67,11,0,,0,0,0,0,0,0,0,114114000,2637000000,5848000000,10,0,75,1171,9488,0,22000,0,10000,2344000000,0,0,90000,0,33851,558,https://www.globalfirepower.com/imgs/flags/sml/moldova.jpg,0.1168,136,6052615.385,0.002900564,Europe,None
Somalia,3.7393,870000000,26770000000,3025,2385,6,0,19,0,0,0,30000,0,0,0,6,0,0,1104,0,0,0,19,,0,0,0,0,0,0,19,870000000,2563000000,16747500,40,6,4,0,15000,0,6000,0,0,0,5663000000,0,0,0,637657,0,https://www.globalfirepower.com/imgs/flags/sml/somalia.jpg,0.0648,137,892333.3333,0.032499066,Africa,None
Kosovo,3.8041,1177450000,25019000000,0,714,0,0,0,0,0,0,4000,0,0,0,0,0,0,1357,0,0,0,0,,0,0,0,0,0,0,0,1177450000,785739000,1310000000,2,0,0,437,2248,0,16000,0,0,0,0,6924000,6931000,1564000000,10887,0,https://www.globalfirepower.com/imgs/flags/sml/kosovo.jpg,0.0922,138,6254750,0.047062233,,None
Benin,3.8963,137690000,56424000000,121,2123,7,0,2,0,0,1,4750,0,1,0,5,0,0,92,0,16,0,2,,0,0,0,0,0,0,2,137690000,6309000000,698900000,10,1,6,438,16000,0,40000,8000000,0,182131000,1133000000,0,164000,0,112622,150,https://www.globalfirepower.com/imgs/flags/sml/benin.jpg,0.0238,139,11878736.84,0.002440274,Africa,None
Sierra Leone,3.9201,450000000,26728000000,402,1093,1,0,10,0,0,0,13000,0,0,0,1,0,0,350,0,0,0,10,,0,0,0,0,0,0,10,450000000,1451000000,495699000,8,3,584,0,11701,0,9000,0,0,0,0,0,0,0,71740,800,https://www.globalfirepower.com/imgs/flags/sml/sierra-leone.jpg,0.0074,140,2056000,0.016836277,Africa,None
Liberia,3.9275,20700000,9308000000,579,1667,0,0,6,0,0,0,2100,0,0,0,0,0,0,550,0,0,0,6,,0,0,0,0,0,0,6,20700000,1335000000,599660000,19,4,4821,429,10600,0,5000,0,0,0,0,0,0,0,111369,0,https://www.globalfirepower.com/imgs/flags/sml/liberia.jpg,0.1263,141,4432380.952,0.002223893,Africa,None
Suriname,4.0538,58440000,12316000000,386,1907,3,0,17,0,0,0,2500,0,0,0,3,0,0,1250,0,0,0,17,,0,0,0,0,0,0,17,58440000,2645000000,1632000000,55,4,13,0,4304,14000,17000,89000000,7109000,6967000,0,0,0,0,163820,1200,https://www.globalfirepower.com/imgs/flags/sml/suriname.jpg,0.1843,142,4926400,0.004745047,South America,None
Central African Republic,4.2381,300000000,5926000000,0,5920,8,0,0,0,8,0,30000,0,0,0,0,0,0,270,0,0,0,0,,0,0,0,0,0,0,0,300000000,724179000,374405000,43,0,0,0,24000,0,2000,0,0,0,0,0,0,3000000,622984,2800,https://www.globalfirepower.com/imgs/flags/sml/central-african-republic.jpg,0.1221,143,197533.3333,0.050624367,Africa,None
Beliz,4.3602,34400000,5538000000,386,542,3,0,15,0,0,1,2000,0,1,0,1,0,0,164,0,0,0,15,,0,0,0,0,0,0,15,34400000,1235000000,498087000,27,2,774,0,3281,800,5000,6700000,0,0,0,0,0,0,22966,825,https://www.globalfirepower.com/imgs/flags/sml/beliz.jpg,1.4389,144,2769000,0.006211629,,None
Bhutan,5.7991,26600000,11517000000,0,1136,2,0,0,0,0,0,16000,0,0,0,2,0,0,78,0,0,0,0,,0,0,0,0,0,0,0,26600000,2827000000,941018000,4,0,0,0,12205,0,4000,0,0,0,0,4000,105000,0,38394,0,https://www.globalfirepower.com/imgs/flags/sml/bhutan.jpg,,145,719812.5,0.002309629,Asia,None
