country,gdp,defense_budget,total_manpower,active_personnel,reserve_personnel,air_force_personnel,army_personnel,navy_personnel,total_aircraft,attack_aircraft,fighter_aircraft,transport_aircraft,helicopters,special_mission_aircraft,trainer_aircraft,attack_helicopters,tanker_aircraft,naval_assets,aircraft_carriers,helicopter_carriers,destroyers,frigates,corvettes,submarines,patrol_vessel,mine_warfare,tanks,vehicles,self_propelled_artillery,towed_artillery,rocket_artillery,external_debt,power_index,assets_per_capita,budget_to_gdp_ratio,rank,power_index_rank_gap,continent,flag,alliance,region
beliz,110943000000,6060000000,15625153,109000,8000,10755,300745,25500,224,0,30,47,85,3,75,10,1,41,0,0,0,1,0,3,26,0,282,15,60,92,56,121363000000,0.9106,3.500765720502065e-05,0.05462264406046348,51.0,50.0,North America,https://flagcdn.com/w320/bz.png,Non-Aligned,Other
democratic republic of the congo,1202000000000,6571641011,50859137,160000,1500000,33600,1310000,42270,204,17,0,23,130,11,23,6,0,127,0,0,0,4,1,0,60,0,18,20,12,296,0,63241000000,0.6993,6.862090483367817e-06,0.0054672554168053245,41.0,40.0,Africa,https://flagcdn.com/w320/cd.png,Non-Aligned,Other
zimbabwe,1390000000000,9102115350,108516336,660000,550000,78000,1311500,57500,1,90,331,63,379,27,563,55,4,120,0,0,0,9,6,8,79,3,2,59,662,2,652,89148000000,0.2626,1.1334698952607468e-06,0.006548284424460432,14.0,13.0,Africa,https://flagcdn.com/w320/zw.png,Non-Aligned,Other
switzerland,2341000000000,45824959620,16681770,63500,23000,15560,49300,16300,354,0,66,29,146,34,95,0,6,67,0,0,0,12,0,4,17,0,74,21,0,0,0,2571113270000,0.5269,2.967311022751183e-05,0.019574950713370353,28.0,27.0,Europe,https://flagcdn.com/w320/ch.png,Non-Aligned,Western Europe
finland,215018000000,18200000,12292521,22000,0,460,22000,1000,22,0,0,3,14,3,2,5,0,8,0,0,0,0,0,0,7,0,0,1,0,4,6,26576000000,2.3884,2.4405083383628144e-06,8.464407630989033e-05,108.0,107.0,Europe,https://flagcdn.com/w320/fi.png,Non-Aligned,Northern Europe
ghana,94420000000,394700000,26747657,300000,200000,13000,485500,2000,183,36,37,13,64,0,33,35,0,10,0,0,0,0,0,0,10,0,1,8,100,1,800,21650000000,1.3563,7.2529717275797274e-06,0.004180258419826308,66.0,65.0,Africa,https://flagcdn.com/w320/gh.png,Non-Aligned,Other
afghanistan,122200000000,467670000,5417269,40000,40000,10000,43000,4500,67,0,0,15,29,2,20,0,0,0,0,0,0,0,0,0,0,0,54,764,0,58,0,11174000000,1.8301,2.2335977777732653e-05,0.00382708674304419,82.0,81.0,Asia,https://flagcdn.com/w320/af.png,Non-Aligned,Southern Asia
botswana,26561000000,500000000,83728,0,0,0,0,0,0,0,0,0,0,0,0,0,0,0,0,0,0,0,0,0,0,0,0,350,0,0,0,24200000000,3.4013,0.0,0.01882459244757351,134.0,133.0,Africa,https://flagcdn.com/w320/bw.png,Non-Aligned,Sub-Saharan Africa
argentina,774376000000,10230630000,9437041,90000,55000,11700,39250,6800,148,0,29,13,66,2,44,0,0,18,0,0,0,3,7,0,0,7,451,13,0,720,243,145200000000,0.9558,6.538066328206056e-05,0.013211450251557382,52.0,51.0,South America,https://flagcdn.com/w320/ar.png,Non-Aligned,South America
new zealand,26770000000,870000000,2993973,30000,0,550,29150,500,6,0,0,0,6,0,0,0,0,19,0,0,0,0,0,0,19,0,0,1,0,0,0,2563000000,3.7393,8.350108701715079e-06,0.032499066118789686,137.0,136.0,Oceania,https://flagcdn.com/w320/nz.png,Non-Aligned,Australia & New Zealand
azerbaijan,1213000000000,993919790,20677529,108000,12370,14000,108000,18370,241,11,23,25,96,13,71,0,2,42,0,0,3,0,6,2,13,0,362,22,20,172,27,74362000000,0.5983,3.119328233078527e-05,0.0008193897691673536,32.0,31.0,Asia,https://flagcdn.com/w320/az.png,Non-Aligned,Other
lebanon,440558000000,14250000000,2628180,21000,12000,3475,88400,3600,122,19,26,4,34,3,36,0,0,50,0,0,0,9,0,0,9,6,44,5,19,0,8,611050000000,0.8198,8.218615163344976e-05,0.03234534385937833,45.0,44.0,Asia,https://flagcdn.com/w320/lb.png,Non-Aligned,Middle East
namibia,5247000000000,127400090000,38694786,184324,860000,27725,63000,15531,569,63,127,55,292,27,16,49,3,96,0,0,0,11,6,6,54,12,296,87,134,0,33,6862470230000,0.2463,2.4835387382682513e-05,0.024280558414332,12.0,11.0,Africa,https://flagcdn.com/w320/na.png,Non-Aligned,Other
nepal,164367000000,960000000,39237029,166580,30800,2550,103000,6700,56,6,0,10,38,0,2,9,0,16,0,0,0,0,0,0,16,0,212,7,16,125,81,7926000000,1.3051,7.23806076143023e-06,0.005840588439285258,64.0,63.0,Asia,https://flagcdn.com/w320/np.png,Non-Aligned,Southern Asia
ecuador,276884000000,903000000,4975294,89000,189000,6730,28750,13200,80,8,0,11,49,1,17,0,0,34,0,0,0,0,0,0,14,0,6,930,0,14,0,35044000000,2.5853,2.4119177680756153e-05,0.0032612935380881523,115.0,114.0,South America,https://flagcdn.com/w320/ec.png,Non-Aligned,South America
nicaragua,149643000000,431355326,15249970,98500,82000,1000,97500,0,17,0,0,7,10,0,0,0,0,0,0,0,0,0,0,0,0,0,0,1,0,14,0,5719000000,2.8037,1.1147562913238519e-06,0.0028825626724938687,124.0,123.0,North America,https://flagcdn.com/w320/ni.png,Non-Aligned,Other
kyrgyzstan,143264000000,835694942,10528476,38000,0,420,47000,1000,35,0,0,6,21,2,6,0,0,19,0,0,0,0,0,0,19,0,0,860,18,52,20,11112000000,2.1689,5.128947437406895e-06,0.005833251493745812,99.0,98.0,Asia,https://flagcdn.com/w320/kg.png,Non-Aligned,Central Asia
turkey,134555000000,1463000000,2768681,36500,0,3000,42760,2000,91,27,22,5,26,0,11,10,0,16,0,0,0,0,0,0,16,0,654,11,73,457,164,3696000000,1.7459,0.0002748601229249596,0.010872877262086135,78.0,77.0,Asia,https://flagcdn.com/w320/tr.png,NATO,Other
sudan,225947000000,7987000000,1726095,78000,24000,2500,103000,4000,133,0,47,2,68,0,13,16,3,123,0,0,0,0,0,0,106,0,367,7,51,0,27,60500000000,1.7161,0.0003609303080073808,0.035348997773814214,76.0,75.0,Africa,https://flagcdn.com/w320/sd.png,Non-Aligned,Other
south korea,2361000000000,39000676350,21748999,121802,24033,23000,85978,20840,440,12,136,51,169,8,108,17,0,175,1,0,0,11,0,2,112,6,298,49,96,188,0,2830012130000,0.3247,4.197894349068663e-05,0.01651871086404066,18.0,17.0,Asia,https://flagcdn.com/w320/kr.png,Non-Aligned,Eastern Asia
iceland,3133000000000,37325165000,27434219,165500,18300,43000,97755,30000,714,65,88,31,352,22,152,37,8,285,2,0,3,14,0,8,15,10,203,87,64,108,21,3025000000000,0.2211,4.3813895339976694e-05,0.011913554101500159,10.0,9.0,Europe,https://flagcdn.com/w320/is.png,Non-Aligned,Northern Europe
thailand,620544000000,1754400500,2407392,7557,1720,690,7705,800,23,0,0,5,8,2,8,0,0,8,0,0,0,0,0,0,8,0,0,3,0,0,0,3630000000000,2.0661,1.2877005489758212e-05,0.002827197587922855,94.0,93.0,Asia,https://flagcdn.com/w320/th.png,Non-Aligned,South-Eastern Asia
vietnam,73961000000,1037200000,3181777,25000,0,2000,20500,2000,51,15,0,3,28,0,10,0,0,13,0,0,0,0,0,0,8,0,0,2,0,76,0,12668000000,2.9973,2.0114546053981784e-05,0.014023607036140669,129.0,128.0,Asia,https://flagcdn.com/w320/vn.png,Non-Aligned,South-Eastern Asia
cameroon,2607000000000,44800000000,26040900,450000,3100000,65000,365000,70000,1,98,242,40,827,35,335,113,4,215,0,2,14,18,3,22,96,14,1,117,2,5,525,553871450000,0.1642,8.333045324854363e-06,0.01718450326045263,5.0,4.0,Africa,https://flagcdn.com/w320/cm.png,Non-Aligned,Sub-Saharan Africa
cuba,66905000000,355600000,3499565,100000,30000,500,130000,2000,29,0,0,2,20,0,7,0,0,0,0,0,0,0,0,0,0,0,160,7,50,97,64,9619000000,2.8672,5.4006712262809806e-05,0.005314998879007548,125.0,124.0,North America,https://flagcdn.com/w320/cu.png,Non-Aligned,Central America
ireland,9308000000,20700000,2392390,2100,0,0,2100,300,0,0,0,0,0,0,0,0,0,6,0,0,0,0,0,0,6,0,0,550,0,0,0,1335000000,3.9275,2.507952298747278e-06,0.0022238934250107434,141.0,140.0,Europe,https://flagcdn.com/w320/ie.png,Non-Aligned,Northern Europe
egypt,535911000000,2552000000,15648120,120000,386000,12100,92500,26000,252,22,15,39,112,12,68,16,0,78,0,0,0,7,8,6,13,0,355,9,12,290,61,38102000000,0.8827,4.3775226672597095e-05,0.004761984732539545,50.0,49.0,Africa,https://flagcdn.com/w320/eg.png,Non-Aligned,Northern Africa
bangladesh,585887000000,8000000000,17675043,193000,0,5000,180000,3000,360,36,26,15,183,17,111,39,0,67,0,0,0,0,1,0,55,0,1,37,434,610,572,15580000000,0.8115,2.4214934017416536e-05,0.013654510170049856,44.0,43.0,Asia,https://flagcdn.com/w320/bd.png,Non-Aligned,Southern Asia
iraq,64641000000,289920000,2355176,18000,8000,2100,26000,0,15,0,0,0,15,0,0,0,0,0,0,0,0,0,0,0,0,0,45,892,0,300,24,5359000000,3.1291,2.5475803082232495e-05,0.004485079129345152,133.0,132.0,Asia,https://flagcdn.com/w320/iq.png,Non-Aligned,Middle East
benin,103118000000,1782000000,1006989,7000,26000,615,32035,350,40,0,0,5,16,0,23,0,0,3,0,0,0,0,0,0,3,0,54,4,17,18,0,60500000000,1.9404,9.632677218916989e-05,0.017281173025078065,91.0,90.0,Africa,https://flagcdn.com/w320/bj.png,Non-Aligned,Sub-Saharan Africa
oman,71297000000,612300000,4192843,52225,0,8520,83000,4000,45,7,6,10,11,1,10,0,0,98,0,0,0,0,0,0,93,0,22,4,0,48,0,7785000000,2.2575,3.935277328533408e-05,0.008588019131239744,103.0,102.0,Asia,https://flagcdn.com/w320/om.png,Non-Aligned,Middle East
mauritania,93937000000,997015509,846120,18400,110000,1500,130000,700,137,0,28,3,66,0,40,34,0,64,0,0,0,2,2,0,50,0,150,5,38,26,18,54450000000,1.6731,0.0004148347752091902,0.010613661379435153,75.0,74.0,Africa,https://flagcdn.com/w320/mr.png,Non-Aligned,Other
poland,56424000000,137690000,5584880,4750,0,300,4750,200,7,0,0,1,5,1,0,0,0,2,0,0,0,0,0,0,2,0,0,92,0,16,0,6309000000,3.8963,1.6114938906476056e-06,0.0024402736424216647,139.0,138.0,Europe,https://flagcdn.com/w320/pl.png,NATO,Eastern Europe
germany,246706000000,1476113361,12143182,25000,0,1825,21975,1200,38,0,11,6,15,0,6,0,0,12,0,0,0,0,0,0,10,0,200,8,0,205,70,17513000000,1.9111,2.058768451300491e-05,0.005983289263333685,89.0,88.0,Europe,https://flagcdn.com/w320/de.png,NATO,Western Europe
france,978024000000,15800000000,24298295,429000,998000,25000,2048583,35100,430,24,16,82,255,27,72,0,1,213,0,0,0,9,2,4,158,0,0,12,6,110,0,108027000000,0.7551,2.6462762099151403e-05,0.01615502278062706,43.0,42.0,Europe,https://flagcdn.com/w320/fr.png,NATO,Western Europe
japan,6089000000000,212638272000,69002197,1320000,2000000,203376,600000,160000,4,698,861,458,1,137,530,556,18,747,1,0,13,12,79,66,70,45,5,126,3,5,2,226475750000,0.0791,1.0956172888234268e-05,0.034921706684184595,2.0,1.0,Asia,https://flagcdn.com/w320/jp.png,Non-Aligned,Eastern Asia
paraguay,192205000000,8242150000,4916713,142700,221350,42500,200000,30000,560,0,178,17,285,8,86,28,0,186,0,0,0,14,0,9,45,3,1,56,589,698,152,605000000000,0.5484,0.00015193077163544019,0.04288207903020213,30.0,29.0,South America,https://flagcdn.com/w320/py.png,Non-Aligned,South America
montenegro,18719000000,405187500,12213368,33350,0,3850,56350,3250,160,0,68,3,59,0,30,14,0,26,0,0,0,0,1,0,9,0,0,1,12,60,30,6492000000,2.1617,1.5229214414893581e-05,0.021645787702334527,98.0,97.0,Europe,https://flagcdn.com/w320/me.png,NATO,Southern Europe
bosnia and herzegovina,556942000000,6760000000,5319863,25000,23500,6000,12000,7000,128,5,28,20,36,16,23,0,4,128,0,0,0,5,2,2,71,0,34,10,23,54,0,530000000000,0.6659,5.4512681999517653e-05,0.012137709133087466,38.0,37.0,Europe,https://flagcdn.com/w320/ba.png,Non-Aligned,Southern Europe
georgia,164484000000,1069750000,2011608,16300,0,500,80000,0,38,0,0,13,23,2,0,0,0,22,0,0,0,0,0,0,14,0,0,1,0,0,0,1227085530000,3.5011,2.982688476084804e-05,0.0065036720896865345,135.0,134.0,Asia,https://flagcdn.com/w320/ge.png,Non-Aligned,Other
venezuela,722912000000,25000000000,22570787,130000,150000,14000,280000,15000,620,42,111,63,300,10,90,74,4,111,0,0,0,8,8,6,75,3,1,24,224,483,188,4764000000,0.4849,3.243130157579353e-05,0.034582355805409234,27.0,26.0,South America,https://flagcdn.com/w320/ve.png,Non-Aligned,South America
colombia,870420000000,2877000000,27803618,68731,29350,13815,53872,7890,181,0,2,11,87,0,81,10,0,63,0,0,0,4,0,3,42,4,248,23,52,434,201,93879000000,0.6843,1.769553876045916e-05,0.003305300889225891,40.0,39.0,South America,https://flagcdn.com/w320/co.png,Non-Aligned,South America
zambia,39147000000,933360000,2256136,10000,0,675,9325,0,14,0,2,4,8,0,0,1,0,4,0,0,0,0,0,0,0,0,61,804,3,38,30,6360000000,2.6259,3.501561962576724e-05,0.023842440033719058,117.0,116.0,Africa,https://flagcdn.com/w320/zm.png,Non-Aligned,Other
ivory coast,82238000000,145000000,15647405,75000,0,0,165000,0,5,0,0,2,3,0,0,0,0,0,0,0,0,0,0,0,0,0,0,3,0,0,0,1929750000,2.7342,3.195418026183894e-07,0.0017631751744935432,121.0,120.0,Africa,https://flagcdn.com/w320/ci.png,Non-Aligned,Other
austria,26728000000,450000000,2006631,13000,0,175,12575,250,1,0,0,0,1,0,0,0,0,10,0,0,0,0,0,0,10,0,0,350,0,0,0,1451000000,3.9201,5.481825009182057e-06,0.016836276563903022,140.0,139.0,Europe,https://flagcdn.com/w320/at.png,Non-Aligned,Western Europe
honduras,33598000000000,303000000000,764123366,2035000,510000,403000,2545000,384000,3,371,1,287,1,105,401,281,9,841,3,4,53,46,50,61,150,36,5,152,2,1,2,488114000000,0.0919,1.1110771346311637e-06,0.009018393952020953,3.0,2.0,North America,https://flagcdn.com/w320/hn.png,Non-Aligned,Central America
luxembourg,1473000000000,3340000000,82661620,204000,0,19000,173408,22000,212,0,41,17,67,4,83,0,0,121,0,0,0,7,6,2,61,5,320,11,36,487,103,58020000000,0.6517,7.899675810853937e-06,0.0022674813306177866,37.0,36.0,Europe,https://flagcdn.com/w320/lu.png,NATO,Western Europe
south sudan,313591000000,8890000000,2306830,24000,870000,41100,42000,6700,162,0,53,11,27,1,77,0,0,165,0,0,0,0,0,0,8,18,200,14,125,667,76,726000000000,0.8673,0.00022845203157579883,0.028349027873886688,48.0,47.0,Africa,https://flagcdn.com/w320/ss.png,Non-Aligned,Other
serbia,39342000000,114114000,2159717,6500,2000,700,4000,0,3,0,0,1,2,0,0,0,0,0,0,0,0,0,0,0,0,0,0,1,4,67,11,2637000000,3.6225,1.3890708828980834e-06,0.0029005642824462404,136.0,135.0,Europe,https://flagcdn.com/w320/rs.png,Non-Aligned,Southern Europe
lithuania,1318000000000,3900000000,125475979,230000,0,18000,1960000,11000,159,24,14,12,69,12,28,15,0,152,0,0,0,1,0,0,132,2,330,12,40,339,37,45009000000,0.6097,5.108547509320489e-06,0.002959028831562974,33.0,32.0,Europe,https://flagcdn.com/w320/lt.png,NATO,Northern Europe
india,225198000000,5100000000,5218617,128000,306000,15000,110000,3000,159,20,12,4,87,0,36,16,0,32,0,0,0,0,0,4,17,4,1,14,135,651,696,12378000000,1.1991,3.679135679050599e-05,0.02264673753763355,60.0,59.0,Asia,https://flagcdn.com/w320/in.png,Non-Aligned,Southern Asia
laos,112919000000,416800000,3535598,15650,168500,1100,180000,5400,49,4,0,12,18,1,14,0,0,0,0,0,0,0,0,0,0,0,10,2,6,50,0,13783000000,1.7974,1.6687417517489262e-05,0.0036911414376677087,81.0,80.0,Asia,https://flagcdn.com/w320/la.png,Non-Aligned,South-Eastern Asia
algeria,43844000000,421527100,948216,10010,60000,950,70011,0,20,0,0,0,10,0,10,4,0,0,0,0,0,0,0,0,0,0,0,1,0,156,18,5637000000,2.4956,2.1092240586533027e-05,0.009614248243773379,114.0,113.0,Africa,https://flagcdn.com/w320/dz.png,Non-Aligned,Northern Africa
uganda,596556000000,6800000000,8959033,80000,40000,7645,80000,25000,274,0,45,33,86,18,92,0,5,130,0,0,0,8,0,4,40,0,386,7,48,249,9,235950000000,0.8704,8.817915951420203e-05,0.011398762228525067,49.0,48.0,Africa,https://flagcdn.com/w320/ug.png,Non-Aligned,Other
guatemala,136227000000,5651760000,1708321,23000,104000,1500,21000,700,9,0,0,5,4,0,0,0,0,13,0,0,0,0,0,0,5,4,0,4,16,54,0,48400000000,1.8949,1.287814175438925e-05,0.04148781078640798,88.0,87.0,North America,https://flagcdn.com/w320/gt.png,Non-Aligned,Central America
czech republic,2534000000,219000000,2220385,350000,680000,250,275000,1100,20,0,1,5,13,0,1,6,0,23,0,0,0,0,0,0,18,0,148,1,45,89,44,461376000,2.6841,8.602111795927282e-05,0.08642462509865825,119.0,118.0,Europe,https://flagcdn.com/w320/cz.png,Non-Aligned,Other
panama,48045000000,340950000,932940,5000,0,900,4500,400,25,0,6,3,16,0,0,0,0,5,0,0,0,0,0,0,4,0,0,424,0,4,28,6442000000,3.0432,3.2156408772268315e-05,0.0070964720574461446,132.0,131.0,North America,https://flagcdn.com/w320/pa.png,Non-Aligned,Central America
singapore,52895000000,706800000,6873694,37750,0,350,37750,0,40,7,0,7,16,2,8,3,0,0,0,0,0,0,0,0,0,0,90,4,10,13,16,2286000000,1.8594,1.8912683631246896e-05,0.01336232158048965,85.0,84.0,Asia,https://flagcdn.com/w320/sg.png,Non-Aligned,South-Eastern Asia
malaysia,81165000000,3301500000,5921661,50000,40000,4120,90000,3550,20,0,11,4,13,0,3,4,0,19,0,0,0,1,1,0,6,4,194,7,140,364,200,36372600000,1.3345,3.9347068330996997e-05,0.04067639992607651,65.0,64.0,Asia,https://flagcdn.com/w320/my.png,Non-Aligned,South-Eastern Asia
tanzania,581131000000,6103900800,4035592,25000,125600,4300,141000,0,90,0,15,11,41,0,23,0,0,0,0,0,0,0,0,0,0,0,56,5,30,0,0,693000000000,1.3759,3.6178087378506054e-05,0.010503485100605543,67.0,66.0,Africa,https://flagcdn.com/w320/tz.png,Non-Aligned,Other
chile,11517000000,26600000,203446,16000,50000,0,66000,0,2,0,0,0,2,0,0,0,0,0,0,0,0,0,0,0,0,0,0,78,0,0,0,2827000000,5.7991,9.830618444206325e-06,0.002309629243726665,145.0,144.0,South America,https://flagcdn.com/w320/cl.png,Non-Aligned,South America
pakistan,47921000000,488400000,7902835,25000,0,1250,10000,0,26,2,0,7,13,2,0,2,0,0,0,0,0,0,0,0,0,0,0,1,0,0,0,3793000000,2.6867,3.2899586034631874e-06,0.010191773961311325,120.0,119.0,Asia,https://flagcdn.com/w320/pk.png,Non-Aligned,Southern Asia
slovenia,52989000000,1311600000,3271705,45000,0,815,42935,1250,17,0,0,5,12,0,1,0,0,23,0,0,0,0,0,0,23,0,186,6,0,347,151,6753000000,2.5894,6.907713256543606e-05,0.024752307082602048,116.0,115.0,Europe,https://flagcdn.com/w320/si.png,NATO,Southern Europe
belgium,50907000000,654000000,3147772,23000,0,500,20000,0,7,0,0,0,7,0,0,2,0,0,0,0,0,0,0,0,0,0,215,5,30,174,21,3617000000,2.3969,7.052607368005053e-05,0.012846956214273087,109.0,108.0,Europe,https://flagcdn.com/w320/be.png,NATO,Western Europe
united arab emirates,4165000000000,26400000000,112226271,376000,1340000,81000,1212217,80505,495,30,44,107,186,25,124,0,0,69,0,1,0,8,2,6,22,4,294,22,149,412,82,198582000000,0.2374,7.645268726785015e-06,0.006338535414165666,11.0,10.0,Asia,https://flagcdn.com/w320/ae.png,Non-Aligned,Other
mali,243124000000,954423756,14873310,15500,0,1860,55000,1200,18,0,0,2,9,2,5,0,0,20,0,0,0,0,0,0,20,0,0,3,0,6,6,29241000000,2.4566,2.5549121211082132e-06,0.003925666556983268,112.0,111.0,Africa,https://flagcdn.com/w320/ml.png,Non-Aligned,Other
el salvador,278239000000,31200000000,7440412,107000,0,6000,100000,1500,278,6,67,32,115,2,56,14,0,32,0,0,0,0,0,0,32,0,319,2,25,575,116,45299000000,1.1045,8.453832932907479e-05,0.1121338130168668,59.0,58.0,North America,https://flagcdn.com/w320/sv.png,Non-Aligned,Central America
mexico,472177000000,34600000000,3949099,169500,465000,89000,526000,19500,597,45,239,14,127,19,148,48,13,82,0,0,0,0,7,6,66,0,1,62,323,171,228,163350000000,0.2707,0.00017219117575933144,0.07327760564364634,15.0,14.0,North America,https://flagcdn.com/w320/mx.png,Non-Aligned,Central America
turkmenistan,98858000000,145925000,15273871,100000,0,7500,100000,3250,104,5,52,2,39,0,8,7,0,12,0,0,0,0,0,0,8,0,168,18,60,0,0,4441250000,1.8861,1.859384565968902e-05,0.00147610714357968,87.0,86.0,Asia,https://flagcdn.com/w320/tm.png,Non-Aligned,Central Asia
dominican republic,59221000000,1590000000,1870555,35000,230000,1500,35000,0,8,0,0,3,3,0,2,0,0,0,0,0,0,0,0,0,0,0,420,11,0,500,130,8379000000,1.9987,0.0002288090967653985,0.026848584117120617,93.0,92.0,North America,https://flagcdn.com/w320/do.png,Non-Aligned,Central America
portugal,12316000000,58440000,142287,2500,0,150,1000,250,3,0,0,0,3,0,0,0,0,17,0,0,0,0,0,0,17,0,0,1,0,0,0,2645000000,4.0538,0.00014056097886665684,0.004745047093212082,142.0,141.0,Europe,https://flagcdn.com/w320/pt.png,NATO,Southern Europe
ethiopia,1486000000000,9230000000,49496685,610000,350000,37000,350000,20000,551,21,188,86,129,10,103,13,6,109,0,0,0,7,3,25,21,1,2,75,424,1,1,6759000000,0.3199,1.3374633068861076e-05,0.006211305518169583,16.0,15.0,Africa,https://flagcdn.com/w320/et.png,Non-Aligned,Sub-Saharan Africa
morocco,57001000000,2375000000,584958,7700,230000,400,44000,550,2,0,0,2,0,0,0,0,0,8,0,0,0,0,0,0,4,4,0,2,48,0,6,29040000000,2.3201,1.7095244444900317e-05,0.041665935685338856,106.0,105.0,Africa,https://flagcdn.com/w320/ma.png,Non-Aligned,Northern Africa
kenya,5538000000,34400000,158000,2000,850,60,2850,0,3,0,0,1,1,1,0,0,0,15,0,0,0,0,0,0,15,0,0,164,0,0,0,1235000000,4.3602,0.00011392405063291139,0.006211628746840015,144.0,143.0,Africa,https://flagcdn.com/w320/ke.png,Non-Aligned,Sub-Saharan Africa
brazil,1212000000000,5100000000,16245461,113000,51600,15000,130000,18000,132,11,25,15,45,6,31,0,4,100,0,0,0,2,4,2,72,4,48,15,0,196,36,8748000000,0.7379,1.7235583526992554e-05,0.004207920792079208,42.0,41.0,South America,https://flagcdn.com/w320/br.png,Non-Aligned,South America
belarus,1635000000000,57350000000,11242811,58910,33270,21584,44235,20607,348,71,24,37,72,31,107,22,6,45,0,2,3,7,0,6,13,3,46,17,0,48,8,3770254730000,0.3208,3.9047174234272904e-05,0.03507645259938838,17.0,16.0,Europe,https://flagcdn.com/w320/by.png,Non-Aligned,Eastern Europe
united states of america,193591000000,8364000000,1482757,100000,0,6145,100000,4200,128,10,29,9,31,4,45,0,0,17,0,0,0,0,5,0,8,0,264,11,24,144,0,55986700000,1.8823,0.0002758375107991397,0.04320448781193341,86.0,85.0,North America,https://flagcdn.com/w320/us.png,NATO,Northern America
estonia,287559000000,2815031361,30489384,228000,19000,25000,255000,30000,331,20,70,33,86,5,120,9,0,239,0,0,0,6,3,3,146,2,1,11,225,1,1,8748000000,0.6265,1.872782998830019e-05,0.00978940447351674,35.0,34.0,Europe,https://flagcdn.com/w320/ee.png,NATO,Northern Europe
central african republic,57391000000,1976800000,6517134,29000,0,5000,25000,0,80,9,9,14,28,0,20,6,0,0,0,0,0,0,0,0,0,0,60,1,0,0,0,6671000000,2.2801,2.1481835420293646e-05,0.034444425084072416,105.0,104.0,Africa,https://flagcdn.com/w320/cf.png,Non-Aligned,Other
libya,144137000000,1510000000,16756234,45000,0,1200,43800,0,51,0,6,3,30,0,12,6,0,0,0,0,0,0,0,0,0,0,259,9,6,26,12,10469000000,2.3252,1.850057715832806e-05,0.010476144223898098,107.0,106.0,Africa,https://flagcdn.com/w320/ly.png,Non-Aligned,Northern Africa
burkina faso,317064000000,11950000000,638022,26550,4000,2000,12500,2500,263,6,115,12,85,0,45,24,0,125,0,0,0,0,4,0,107,0,62,5,46,12,16,205700000000,1.4096,0.000705304832748714,0.03768955163626271,71.0,70.0,Africa,https://flagcdn.com/w320/bf.png,Non-Aligned,Other
saudi arabia,2213000000000,63988055520,19003104,247000,0,30000,75000,13500,917,81,283,49,264,16,202,34,22,32,0,0,0,7,9,0,9,3,1,22,380,557,327,248171000000,0.4473,4.9991832913191444e-05,0.028914620659737912,25.0,24.0,Asia,https://flagcdn.com/w320/sa.png,Non-Aligned,Middle East
netherlands,52968000000,147630000,11192031,13500,0,300,21600,500,6,0,0,1,5,0,0,0,0,7,0,0,0,0,0,0,5,0,12,316,0,17,0,3548000000,3.0381,2.233732197489446e-06,0.0027871545083824195,131.0,130.0,Europe,https://flagcdn.com/w320/nl.png,NATO,Western Europe
syria,301407000000,1500000000,10551652,346000,90000,26000,150000,40000,90,0,6,15,49,3,7,8,0,275,0,0,0,5,0,0,259,0,87,15,0,96,28,42198000000,1.3822,4.283689416595619e-05,0.004976659467099304,68.0,67.0,Asia,https://flagcdn.com/w320/sy.png,Non-Aligned,Other
uzbekistan,65415000000,800000000,2092148,80000,15000,2500,99000,1500,80,9,0,0,68,0,9,0,0,48,0,0,0,0,0,0,42,0,334,6,12,350,11,41619000000,2.6521,0.00022082567772452045,0.012229610945501797,118.0,117.0,Asia,https://flagcdn.com/w320/uz.png,Non-Aligned,Central Asia
republic of the congo,1958000000000,5193500000,45611372,438500,479000,50000,685000,50000,1,90,242,53,348,11,344,100,0,149,0,2,0,13,7,8,61,17,3,54,1,962,648,117272000000,0.3651,3.354426610977631e-06,0.0026524514811031665,19.0,18.0,Africa,https://flagcdn.com/w320/cg.png,Non-Aligned,Other
mozambique,164825000000,2744000000,2033557,14325,20100,1500,7000,1365,67,0,12,0,37,0,26,0,0,30,0,0,0,0,0,0,11,1,55,4,25,42,42,60500000000,1.5432,7.474587631426116e-05,0.016647959957530715,73.0,72.0,Africa,https://flagcdn.com/w320/mz.png,Non-Aligned,Other
norway,265220000000,1034784000,5035769,63000,365400,11300,18000,0,194,50,43,4,70,0,27,31,0,0,0,0,0,0,0,0,0,0,577,6,357,190,206,18010000000,1.4072,0.00015310471945794178,0.0039016062137093733,70.0,69.0,Europe,https://flagcdn.com/w320/no.png,NATO,Northern Europe
bahrain,90609000000,1474800000,3827857,32000,0,1000,85000,7500,83,1,10,12,22,0,35,4,0,5,0,0,0,1,0,0,2,0,55,2,20,38,25,3654200000,1.7872,3.7357717385994306e-05,0.016276528821640233,80.0,79.0,Asia,https://flagcdn.com/w320/bh.png,Non-Aligned,Other
tunisia,3636000000000,88526529585,31491165,141330,31940,34800,108413,37890,625,38,103,30,262,29,201,50,9,116,2,0,6,7,0,10,26,8,288,94,14,126,43,10553123900000,0.1881,3.267583145939504e-05,0.02434723035891089,8.0,7.0,Africa,https://flagcdn.com/w320/tn.png,Non-Aligned,Northern Africa
latvia,257117000000,2455949332,2219321,10050,3300,2875,6345,2873,47,0,0,7,21,6,13,0,0,8,0,0,0,2,0,0,4,0,0,3,0,31,0,230651410000,1.9258,2.4782354603052014e-05,0.009551874562942162,90.0,89.0,Europe,https://flagcdn.com/w320/lv.png,NATO,Northern Europe
liberia,123676000000,750000000,8190561,124300,0,1500,75000,2800,24,0,0,4,20,0,0,0,0,20,0,0,0,0,0,0,20,0,520,5,30,525,521,8019000000,1.8434,6.885975209756695e-05,0.006064232349041043,83.0,82.0,Africa,https://flagcdn.com/w320/lr.png,Non-Aligned,Other
taiwan,109986000000,2668500000,3463947,114500,100000,14000,146000,5500,279,10,44,12,159,11,66,44,0,27,0,0,0,0,0,0,27,0,1,25,478,80,84,21058000000,1.5581,8.862722206777413e-05,0.02426217882275926,74.0,73.0,Asia,https://flagcdn.com/w320/tw.png,Non-Aligned,Eastern Asia
nigeria,60001000000,4590000000,8525614,7500,0,300,7000,0,26,3,0,2,19,2,0,5,0,0,0,0,0,0,0,0,0,0,0,876,0,8,9,3565000000,2.9213,3.0496337272599955e-06,0.07649872502124964,127.0,126.0,Africa,https://flagcdn.com/w320/ng.png,Non-Aligned,Sub-Saharan Africa
kuwait,2883000000000,9100000000,61447766,387000,98653,30515,275443,92043,424,32,2,40,173,25,175,0,0,164,0,0,0,1,3,0,142,0,0,23,35,0,0,306308000000,0.6401,9.569102967876814e-06,0.0031564342698577872,36.0,35.0,Asia,https://flagcdn.com/w320/kw.png,Non-Aligned,Middle East
uruguay,51786000000,480000000,14674420,11200,0,4000,11200,1000,23,2,8,5,7,0,1,2,0,36,0,0,0,0,0,0,36,0,60,3,0,104,12,8274000000,1.9769,8.109349466622871e-06,0.00926891437840343,92.0,91.0,South America,https://flagcdn.com/w320/uy.png,Non-Aligned,South America
angola,51360000000,720037190,1522479,7500,0,650,2335,1000,20,0,0,1,19,0,0,0,0,33,0,0,0,0,0,0,33,0,0,1,10,0,270,5363000000,1.7258,3.481164600628317e-05,0.014019415693146417,77.0,76.0,Africa,https://flagcdn.com/w320/ao.png,Non-Aligned,Sub-Saharan Africa
sri lanka,1456000000000,10200000000,54994667,450000,5000000,35000,5450000,50000,265,0,61,6,101,3,91,0,0,116,0,0,0,9,17,6,27,8,1,69,30,3,774,34426000000,0.4066,6.946128067290597e-06,0.007005494505494506,23.0,22.0,Asia,https://flagcdn.com/w320/lk.png,Non-Aligned,Southern Asia
kosovo,71253000000,1110000000,6817088,40000,0,550,44800,0,44,12,9,8,10,1,4,8,0,0,0,0,0,0,0,0,0,0,0,3,0,50,30,4085000000,2.2598,6.454368786203141e-06,0.015578291440360405,104.0,103.0,Europe,https://flagcdn.com/w320/xk.png,Non-Aligned,Other
indonesia,4102000000000,11155297716,137965608,404500,401000,30100,300400,66034,460,34,41,73,212,15,114,15,1,338,0,0,0,10,26,4,211,10,331,28,153,396,67,225273000000,0.2582,8.18319881575124e-06,0.002719477746465139,13.0,12.0,Asia,https://flagcdn.com/w320/id.png,Non-Aligned,South-Eastern Asia
north macedonia,739385000000,5836386000,9117003,110000,135000,12000,80000,3000,168,13,37,21,72,0,25,12,0,26,0,0,0,0,0,0,23,2,353,17,126,194,287,25765000000,1.0433,5.99977865533224e-05,0.007893568303387274,58.0,57.0,Europe,https://flagcdn.com/w320/mk.png,NATO,Other
romania,1649000000000,55865141600,18985692,250000,350000,16500,110000,8240,457,12,58,44,224,11,112,29,0,63,0,0,0,2,2,1,3,29,798,57,593,0,298,425641700000,0.3891,6.942069849231727e-05,0.03387819381443299,21.0,20.0,Europe,https://flagcdn.com/w320/ro.png,NATO,Eastern Europe
eritrea,745994000000,23480000000,5818684,65000,130000,7000,44000,3000,581,40,99,35,250,27,151,30,5,84,0,0,0,0,11,0,34,2,354,8,165,99,49,290400000000,1.0188,0.00017512550947946305,0.03147478397949582,54.0,53.0,Africa,https://flagcdn.com/w320/er.png,Non-Aligned,Other
chad,3732000000000,67232395000,30084820,264000,43444,44120,141600,47000,974,0,223,118,452,44,140,67,15,166,1,3,11,5,0,9,22,19,427,110,74,0,9,7691315390000,0.1798,5.2086068655222135e-05,0.018015111200428726,6.0,5.0,Africa,https://flagcdn.com/w320/td.png,Non-Aligned,Other
peru,25019000000,1177450000,917371,4000,5000,0,9000,0,0,0,0,0,0,0,0,0,0,0,0,0,0,0,0,0,0,0,0,1,0,0,0,785739000,3.8041,0.0,0.04706223270314561,138.0,137.0,South America,https://flagcdn.com/w320/pe.png,Non-Aligned,South America
gabon,31154000000,450498000,616805,17567,0,1175,8500,3000,36,0,11,5,7,0,13,2,0,15,0,0,0,0,2,0,15,0,7,2,0,50,55,9680000000,2.7414,9.403296017379885e-05,0.014460358220453232,122.0,121.0,Africa,https://flagcdn.com/w320/ga.png,Non-Aligned,Other
moldova,1276000000000,31791150000,7997570,44245,8510,9500,53212,24822,130,38,0,4,67,0,21,16,0,140,0,0,0,6,0,3,76,3,18,6,46,0,4,5257949730000,0.6142,3.601093832251547e-05,0.024914694357366773,34.0,33.0,Europe,https://flagcdn.com/w320/md.png,Non-Aligned,Eastern Europe
suriname,741035000000,8372658426,3898653,147178,0,20000,127178,0,141,0,40,16,39,3,43,0,0,0,0,0,0,0,0,0,0,0,134,6,133,0,0,2420000000000,0.8396,7.053718297063114e-05,0.011298600506048972,46.0,45.0,South America,https://flagcdn.com/w320/sr.png,Non-Aligned,Other
bolivia,177093000000,2770000000,3259584,22500,2000,3000,13200,0,115,17,11,3,51,0,33,4,0,0,0,0,0,0,0,0,0,0,242,7,96,150,73,21726000000,1.2938,0.00010952317841785945,0.015641499099343283,63.0,62.0,South America,https://flagcdn.com/w320/bo.png,Non-Aligned,Other
myanmar,79207000000,385321000,7279691,15150,0,3745,13250,0,78,0,0,13,33,0,34,0,0,0,0,0,0,0,0,0,0,0,75,848,12,60,50,16597000000,2.4461,2.1017375600145667e-05,0.004864734177534814,111.0,110.0,Asia,https://flagcdn.com/w320/mm.png,Non-Aligned,South-Eastern Asia
china,668628000000,15900000000,4235934,25600,34000,8255,15300,2100,172,0,73,6,53,3,36,0,1,279,0,0,0,0,7,4,116,8,110,27,24,0,0,1102693570000,0.4834,0.00013243832410986573,0.02378003912489456,26.0,25.0,Asia,https://flagcdn.com/w320/cn.png,Non-Aligned,Eastern Asia
hungary,1743000000000,31180000000,12269542,230000,1657000,125000,94000,107000,720,0,258,19,239,18,215,91,0,91,0,0,4,21,7,4,36,10,1,24,488,1,223,229900000000,0.3927,6.618013940536656e-05,0.017888697647733792,22.0,21.0,Europe,https://flagcdn.com/w320/hu.png,NATO,Eastern Europe
kazakhstan,83183000000,777800000,7162057,17000,0,1000,15460,500,39,0,0,5,19,1,22,5,0,4,0,0,0,0,0,0,4,0,0,1,0,20,6,14985000000,2.8925,6.003861739720865e-06,0.009350468244713464,126.0,125.0,Asia,https://flagcdn.com/w320/kz.png,Non-Aligned,Central Asia
denmark,1558000000000,6006660000,36358919,360850,200000,46000,245000,69850,496,26,73,52,258,25,134,7,0,304,0,1,0,7,5,0,254,5,744,52,59,595,17,37065000000,0.4458,4.2465508944311575e-05,0.0038553658536585366,24.0,23.0,Europe,https://flagcdn.com/w320/dk.png,NATO,Northern Europe
albania,521928000000,9174000000,5093808,30334,4900,3120,13000,0,103,16,12,10,42,2,21,4,0,0,0,0,0,0,0,0,0,0,20,6,53,0,16,232320000000,1.0313,2.4146964314320445e-05,0.01757713707637835,55.0,54.0,Europe,https://flagcdn.com/w320/al.png,NATO,Other
sierra leone,577583000000,45000000000,18187531,900000,4000000,35000,250000,11000,347,30,88,22,140,5,72,39,0,169,0,0,0,0,0,0,133,5,1,45,682,625,288,90003000000,0.3691,2.8426068387182404e-05,0.07791088034100727,20.0,19.0,Africa,https://flagcdn.com/w320/sl.png,Non-Aligned,Other
philippines,380895000000,3720968976,56904143,503000,138000,5000,626000,11500,104,0,25,9,33,0,34,7,0,0,0,0,0,0,0,0,0,0,338,8,142,469,79,25426000000,0.8525,7.767448496676243e-06,0.00976901501988737,47.0,46.0,Asia,https://flagcdn.com/w320/ph.png,Non-Aligned,South-Eastern Asia
armenia,108502000000,1903440000,1575652,24000,0,2850,15450,5700,43,6,0,6,12,5,12,0,2,16,0,0,0,0,0,0,5,2,62,5,16,83,4,54450000000,2.1537,7.679360671011111e-05,0.017542902434978157,97.0,96.0,Asia,https://flagcdn.com/w320/am.png,Non-Aligned,Other
ukraine,252728000000,2963400000,8422593,41250,118000,6200,25650,9400,99,0,0,20,43,8,34,0,0,30,0,0,0,2,6,2,5,0,202,5,5,106,24,39658000000,1.4479,3.929906146480069e-05,0.011725649710360546,72.0,71.0,Europe,https://flagcdn.com/w320/ua.png,Non-Aligned,Eastern Europe
croatia,389207000000,5887250000,4632200,41600,20000,5750,32000,0,80,0,12,3,50,0,17,8,0,0,0,0,0,0,0,0,0,0,220,11,24,295,0,151250000000,1.0429,6.476404300332455e-05,0.015126269568635713,57.0,56.0,Europe,https://flagcdn.com/w320/hr.png,NATO,Southern Europe
russia,800304000000,18000000000,3918498,51000,252500,13500,280000,9000,235,0,100,9,75,9,36,20,11,101,0,0,0,6,6,6,55,4,170,17,48,89,24,1884751660000,0.5272,0.0001291311109511859,0.022491453247765848,29.0,28.0,Europe,https://flagcdn.com/w320/ru.png,Non-Aligned,Eastern Europe
cambodia,17375000000,204000000,143964,2350,0,480,1500,550,10,0,0,0,10,0,0,0,0,20,0,0,0,0,0,0,14,0,0,946,0,12,12,3643000000,2.9782,0.00020838542969075602,0.011741007194244604,128.0,127.0,Asia,https://flagcdn.com/w320/kh.png,Non-Aligned,South-Eastern Asia
tajikistan,91849000000,680000000,2744538,37000,205500,3000,205500,0,61,5,0,2,44,0,10,11,0,19,0,0,0,0,0,0,31,4,132,5,67,121,42,9085000000,2.0779,7.724433037545846e-05,0.007403455671809165,95.0,94.0,Asia,https://flagcdn.com/w320/tj.png,Non-Aligned,Central Asia
senegal,33069000000,270625000,1687936,31540,66000,1105,102540,1500,23,4,0,7,4,2,6,0,0,6,0,0,0,0,0,0,6,0,51,5,0,75,0,3072000000,2.7919,4.7395161901873055e-05,0.008183646315280171,123.0,122.0,Africa,https://flagcdn.com/w320/sn.png,Non-Aligned,Other
somalia,14244000000000,109000000000,662290299,1431000,1000000,289000,2148000,148869,2,124,476,277,594,72,334,79,6,343,2,0,13,18,21,18,146,0,3,163,100,5,300,212728000000,0.1346,5.254493392481354e-07,0.007652344846953103,4.0,3.0,Africa,https://flagcdn.com/w320/so.png,Non-Aligned,Other
spain,156086000000,2172751250,6024424,89800,0,4500,150000,5000,155,0,10,12,101,4,28,0,0,37,0,0,0,1,1,0,30,0,145,13,0,105,0,21212000000,1.7823,5.593895781571815e-05,0.013920218661507118,79.0,78.0,Europe,https://flagcdn.com/w320/es.png,NATO,Southern Europe
greece,232673000000,616000000,7484639,106114,90000,2210,196114,3200,35,3,0,10,20,2,0,0,0,25,0,0,0,0,0,0,20,0,0,3,0,110,0,11862000000,2.1277,8.016418694341837e-06,0.0026474924035019103,96.0,95.0,Europe,https://flagcdn.com/w320/gr.png,NATO,Southern Europe
mongolia,328632000000,1651803025,21551160,50000,0,4175,50000,2500,154,0,17,21,84,2,30,2,0,27,0,0,0,0,0,0,18,0,188,9,18,53,0,31451000000,1.8588,1.7122048186733337e-05,0.005026300010345919,84.0,83.0,Asia,https://flagcdn.com/w320/mn.png,Non-Aligned,Eastern Asia
united kingdom,15416000000,4750000000,9467520,1320000,560000,110000,1370000,60000,837,114,341,1,205,0,176,20,0,332,0,0,2,2,8,24,227,1,4,47,1,700,1,6050000000,0.5933,0.00012389728249847902,0.3081214322781526,31.0,30.0,Europe,https://flagcdn.com/w320/gb.png,NATO,Northern Europe
north korea,219645000000,2485350000,3187850,36950,3000,8500,39950,4450,71,5,11,6,23,0,26,4,0,45,0,0,0,6,3,0,0,17,334,6,48,24,24,14277000000,1.2522,0.00014116097056009536,0.011315304240934234,62.0,61.0,Asia,https://flagcdn.com/w320/kp.png,Non-Aligned,Eastern Asia
iran,3018000000000,51400000000,42985080,481000,380000,52850,401500,100000,1,0,201,84,509,27,301,111,7,192,0,1,0,17,9,14,40,11,2,98,1,635,237,149654000000,0.1975,4.536457766276112e-06,0.0170311464546057,9.0,8.0,Asia,https://flagcdn.com/w320/ir.png,Non-Aligned,Middle East
south africa,379989000000,6210000000,18990708,120000,0,15000,95000,550,159,13,26,12,101,0,7,34,0,0,0,0,0,0,0,0,0,0,470,8,177,236,108,25714000000,0.9908,3.3121461295703144e-05,0.016342578337793987,53.0,52.0,Africa,https://flagcdn.com/w320/za.png,Non-Aligned,Sub-Saharan Africa
niger,218762000000,2900000000,2837461,20982,0,3200,18282,0,48,0,7,7,22,1,11,0,0,0,0,0,0,0,0,0,0,0,45,6,35,9,25,140360000000,1.3911,3.277578088297954e-05,0.013256415648055879,69.0,68.0,Africa,https://flagcdn.com/w320/ne.png,Non-Aligned,Other
jordan,507680000000,11189483200,2203893,33440,20100,3650,8735,4010,109,43,0,4,34,5,23,0,0,48,0,0,0,4,6,6,20,5,36,11,28,0,0,787758400000,0.6679,8.757230954497337e-05,0.022040425464859754,39.0,38.0,Asia,https://flagcdn.com/w320/jo.png,Non-Aligned,Middle East
bulgaria,749229000000,14900000000,4910830,26390,6600,5700,11547,1355,104,12,44,7,14,0,27,0,0,9,0,0,0,2,0,0,2,5,0,3,0,0,0,1594190730000,1.2201,2.3010366882991267e-05,0.019887110616380304,61.0,60.0,Europe,https://flagcdn.com/w320/bg.png,NATO,Eastern Europe
italy,350594000000,16100000000,17946041,400000,250000,13000,500000,9300,271,0,84,31,73,4,77,6,2,100,0,0,0,6,1,0,84,0,1,17,544,188,185,42262000000,1.0368,2.0728805868659278e-05,0.045922063697610344,56.0,55.0,Europe,https://flagcdn.com/w320/it.png,NATO,Southern Europe
canada,60909000000,1480000000,1666988,65000,210000,5000,65000,0,69,14,4,3,36,0,12,20,0,0,0,0,0,0,0,0,0,0,109,1,104,193,100,6002000000,2.2016,0.00010677941292918725,0.024298543729169744,101.0,100.0,North America,https://flagcdn.com/w320/ca.png,NATO,Northern America
australia,5926000000,300000000,2203873,30000,0,100,30000,0,8,8,0,0,0,0,0,0,0,0,0,0,0,0,0,0,0,0,0,270,0,0,0,724179000,4.2381,3.62997323348487e-06,0.05062436719541006,143.0,142.0,Oceania,https://flagcdn.com/w320/au.png,Non-Aligned,Australia & New Zealand
israel,86871000000,1530685000,154388,1200,0,0,1200,0,1,0,0,1,0,0,0,0,0,0,0,0,0,0,0,0,0,0,0,476,0,0,0,5203000000000,2.4429,6.4771873461668e-06,0.017620206973558494,110.0,109.0,Asia,https://flagcdn.com/w320/il.png,Non-Aligned,Middle East
madagascar,25676000000000,831500000000,150463900,1333030,799500,708758,1174890,612124,13,926,1,917,5,611,2,1,610,465,11,9,83,0,27,66,0,4,4,409,1,1,1,24538900710000,0.0741,3.2034262038934258e-06,0.03238432777691229,1.0,0.0,Africa,https://flagcdn.com/w320/mg.png,Non-Aligned,Other
yemen,5715000000000,58000000000,52976836,251500,56000,50000,206700,50800,1,47,217,53,583,135,399,118,10,158,0,4,41,8,0,23,6,18,734,54,193,480,99,5147667910000,0.1876,1.685642381511799e-05,0.010148731408573928,7.0,6.0,Asia,https://flagcdn.com/w320/ye.png,Non-Aligned,Other
qatar,6752000000,30700000,6351857,185000,0,230,184120,325,19,0,0,4,15,0,0,6,0,0,0,0,0,0,0,0,0,0,122,2,24,0,15,2722500000,2.4645,2.2198232737292417e-05,0.004546800947867299,113.0,112.0,Asia,https://flagcdn.com/w320/qa.png,Non-Aligned,Middle East
slovakia,45553000000,581000000,1029281,12000,0,500,12000,0,45,0,10,9,16,0,10,0,0,0,0,0,0,0,0,0,0,0,45,1,12,36,20,1761000000,2.9993,8.743967876605125e-05,0.012754374025859987,130.0,129.0,Europe,https://flagcdn.com/w320/sk.png,NATO,Other
sweden,50370000000,450460000,4781269,150000,600000,1200,9000,0,25,0,0,1,20,0,4,6,0,0,0,0,0,0,0,0,0,0,38,6,3,13,24,3024000000,2.1749,1.3176418227043908e-05,0.008943021639864998,100.0,99.0,Europe,https://flagcdn.com/w320/se.png,Non-Aligned,Northern Europe
bhutan,72516000000,42000000,810561,17870,38000,250,55870,1000,3,0,0,0,3,0,0,0,0,18,0,0,0,0,0,0,11,6,0,3,47,0,0,48598440000,2.2316,2.590798224933102e-05,0.0005791825252358101,102.0,101.0,Asia,https://flagcdn.com/w320/bt.png,Non-Aligned,Southern Asia
